Workbook
Name Slicer_ai_intensity_level: #N/A
Name Slicer_ai_job_displacement_risk_level: #N/A
Name Slicer_ai_mentioned: #N/A
Name Slicer_AI_Period: #N/A
Name Slicer_company_group: #N/A
Name Slicer_industry: #N/A
Name Slicer_industry_ai_adoption_stage: #N/A
Name Slicer_job_title: #N/A
Name Slicer_posting_year: #N/A
Name Slicer_region: #N/A
Name Slicer_seniority_level: #N/A
Name Slicer_Skill_Type: #N/A

Sheet Raw Data 
A1: job_id | B1: posting_year | C1: country | D1: region | E1: company_name | F1: company_size | G1: industry | H1: job_title | I1: seniority_level | J1: ai_mentioned | K1: ai_keywords | L1: ai_intensity_score | M1: core_skills | N1: ai_skills | O1: salary_usd | P1: salary_change_vs_prev_year_percent | Q1: automation_risk_score | R1: reskilling_required | S1: ai_job_displacement_risk | T1: job_description_embedding_cluster | U1: industry_ai_adoption_stage | V1: Core_Business Analysis | W1: Core_Cloud Computing | X1: Core_Communication | Y1: Core_Data Analysis | Z1: Core_Project Management | AA1: Core_Python | AB1: Core_Research | AC1: Core_SQL | AD1: Core_Software Engineering | AE1: Core_Statistics | AF1: AI_LLMs | AG1: AI_MLOps | AH1: AI_NLP | AI1: AI_computer vision | AJ1: AI_deep learning | AK1: AI_generative AI | AL1: AI_machine learning | AM1: AI_reinforcement learning
A2: 87e6f4f5-16ce-4479-9ce4-6d3973e37e11 | B2: 2010 | C2: Indonesia | D2: Southeast Asia | E2: Future Analytics | F2: Enterprise | G2: Energy | H2: Product Manager | I2: Junior | J2: FALSE | L2: 0.01 | M2: Statistics, Communication, Business Analysis, Data Analysis, Project Management, Software Engineering | O2: 31284 | P2: -3.64 | Q2: 0.74 | R2: FALSE | S2: Low | T2: 15 | U2: Emerging | V2: TRUE | W2: FALSE | X2: TRUE | Y2: TRUE | Z2: TRUE | AA2: FALSE | AB2: FALSE | AC2: FALSE | AD2: TRUE | AE2: TRUE | AF2: FALSE | AG2: FALSE | AH2: FALSE | AI2: FALSE | AJ2: FALSE | AK2: FALSE | AL2: FALSE | AM2: FALSE
A3: c41a9305-8dd1-4716-8953-2be6a0f256d7 | B3: 2010 | C3: Italy | D3: Europe | E3: Prime Systems | F3: Small | G3: Agriculture | H3: Data Scientist | I3: Lead | J3: FALSE | L3: 0.19 | M3: Software Engineering, Communication, Research, Data Analysis, SQL | O3: 60960 | P3: 1.97 | Q3: 0.64 | R3: FALSE | S3: Low | T3: 8 | U3: Emerging | V3: FALSE | W3: FALSE | X3: TRUE | Y3: TRUE | Z3: FALSE | AA3: FALSE | AB3: TRUE | AC3: TRUE | AD3: TRUE | AE3: FALSE | AF3: FALSE | AG3: FALSE | AH3: FALSE | AI3: FALSE | AJ3: FALSE | AK3: FALSE | AL3: FALSE | AM3: FALSE
A4: af0a8661-6ad5-4679-9166-596671dabb4e | B4: 2010 | C4: Pakistan | D4: South Asia | E4: Global Solutions | F4: Small | G4: Manufacturing | H4: AI Researcher | I4: Lead | J4: FALSE | L4: 0.11 | M4: Python, Data Analysis, Cloud Computing, Communication, SQL | O4: 21791 | P4: -3.9 | Q4: 0.86 | R4: FALSE | S4: High | T4: 13 | U4: Emerging | V4: FALSE | W4: TRUE | X4: TRUE | Y4: TRUE | Z4: FALSE | AA4: TRUE | AB4: FALSE | AC4: TRUE | AD4: FALSE | AE4: FALSE | AF4: FALSE | AG4: FALSE | AH4: FALSE | AI4: FALSE | AJ4: FALSE | AK4: FALSE | AL4: FALSE | AM4: FALSE
A5: c14573ab-bda8-4a12-a65d-9a908b9345c1 | B5: 2010 | C5: Argentina | D5: South America | E5: Global Technologies | F5: Medium | G5: Government | H5: Policy Analyst | I5: Junior | J5: FALSE | L5: 0.08 | M5: Software Engineering, Research, Business Analysis, Data Analysis, SQL | O5: 31890 | P5: 0.02 | Q5: 0.78 | R5: FALSE | S5: Medium | T5: 17 | U5: Emerging | V5: TRUE | W5: FALSE | X5: FALSE | Y5: TRUE | Z5: FALSE | AA5: FALSE | AB5: TRUE | AC5: TRUE | AD5: TRUE | AE5: FALSE | AF5: FALSE | AG5: FALSE | AH5: FALSE | AI5: FALSE | AJ5: FALSE | AK5: FALSE | AL5: FALSE | AM5: FALSE
A6: e81fff60-4d14-4bb3-b4d2-98375f1333ef | B6: 2010 | C6: Bangladesh | D6: South Asia | E6: NextGen Analytics | F6: Small | G6: Education | H6: AI Researcher | I6: Lead | J6: FALSE | L6: 0.02 | M6: Cloud Computing, Business Analysis, Software Engineering, Communication, Statistics | O6: 22997 | P6: -0.21 | Q6: 0.67 | R6: FALSE | S6: Medium | T6: 9 | U6: Emerging | V6: TRUE | W6: TRUE | X6: TRUE | Y6: FALSE | Z6: FALSE | AA6: FALSE | AB6: FALSE | AC6: FALSE | AD6: TRUE | AE6: TRUE | AF6: FALSE | AG6: FALSE | AH6: FALSE | AI6: FALSE | AJ6: FALSE | AK6: FALSE | AL6: FALSE | AM6: FALSE
A7: f7a45b96-b8a4-4ece-8afa-937a6995ab0c | B7: 2010 | C7: Netherlands | D7: Europe | E7: NextGen Analytics | F7: Enterprise | G7: Education | H7: Policy Analyst | I7: Mid | J7: FALSE | L7: 0.16 | M7: Data Analysis, SQL, Statistics, Python, Business Analysis, Project Management | O7: 65776 | P7: 4.29 | Q7: 0.69 | R7: FALSE | S7: Low | T7: 2 | U7: Emerging | V7: TRUE | W7: FALSE | X7: FALSE | Y7: TRUE | Z7: TRUE | AA7: TRUE | AB7: FALSE | AC7: TRUE | AD7: FALSE | AE7: TRUE | AF7: FALSE | AG7: FALSE | AH7: FALSE | AI7: FALSE | AJ7: FALSE | AK7: FALSE | AL7: FALSE | AM7: FALSE
A8: aa7e6587-7a35-4c1c-a895-e8c5d6fd938a | B8: 2010 | C8: Sri Lanka | D8: South Asia | E8: NextGen Analytics | F8: Large | G8: Manufacturing | H8: ML Engineer | I8: Junior | J8: FALSE | L8: 0.02 | M8: Cloud Computing, Communication, Software Engineering, SQL, Python | O8: 22406 | P8: 4.05 | Q8: 0.89 | R8: FALSE | S8: Low | T8: 13 | U8: Emerging | V8: FALSE | W8: TRUE | X8: TRUE | Y8: FALSE | Z8: FALSE | AA8: TRUE | AB8: FALSE | AC8: TRUE | AD8: TRUE | AE8: FALSE | AF8: FALSE | AG8: FALSE | AH8: FALSE | AI8: FALSE | AJ8: FALSE | AK8: FALSE | AL8: FALSE | AM8: FALSE
A9: 9fc686af-ef4a-4cd5-ad8b-707ccf244cdf | B9: 2010 | C9: Argentina | D9: South America | E9: Global Analytics | F9: Startup | G9: Tech | H9: AI Researcher | I9: Mid | J9: FALSE | L9: 0.09 | M9: Business Analysis, Statistics, Cloud Computing, Communication | O9: 33771 | P9: -3.5 | Q9: 0.88 | R9: FALSE | S9: Low | T9: 18 | U9: Emerging | V9: TRUE | W9: TRUE | X9: TRUE | Y9: FALSE | Z9: FALSE | AA9: FALSE | AB9: FALSE | AC9: FALSE | AD9: FALSE | AE9: TRUE | AF9: FALSE | AG9: FALSE | AH9: FALSE | AI9: FALSE | AJ9: FALSE | AK9: FALSE | AL9: FALSE | AM9: FALSE
A10: 96d96af4-e6ec-4b53-aeaa-25001ab1f9a7 | B10: 2010 | C10: Morocco | D10: Africa | E10: Global Systems | F10: Small | G10: Agriculture | H10: Software Engineer | I10: Executive | J10: FALSE | L10: 0.14 | M10: Python, SQL, Business Analysis | O10: 19577 | P10: -1.25 | Q10: 0.79 | R10: FALSE | S10: Medium | T10: 12 | U10: Emerging | V10: TRUE | W10: FALSE | X10: FALSE | Y10: FALSE | Z10: FALSE | AA10: TRUE | AB10: FALSE | AC10: TRUE | AD10: FALSE | AE10: FALSE | AF10: FALSE | AG10: FALSE | AH10: FALSE | AI10: FALSE | AJ10: FALSE | AK10: FALSE | AL10: FALSE | AM10: FALSE
A11: b290f526-b029-423d-a2ff-2d0619490a99 | B11: 2010 | C11: United Kingdom | D11: Europe | E11: Future Solutions | F11: Enterprise | G11: Healthcare | H11: Data Scientist | I11: Lead | J11: FALSE | L11: 0.17 | M11: Research, Business Analysis, Communication, Software Engineering | O11: 66649 | P11: -4.25 | Q11: 0.75 | R11: FALSE | S11: Low | T11: 2 | U11: Emerging | V11: TRUE | W11: FALSE | X11: TRUE | Y11: FALSE | Z11: FALSE | AA11: FALSE | AB11: TRUE | AC11: FALSE | AD11: TRUE | AE11: FALSE | AF11: FALSE | AG11: FALSE | AH11: FALSE | AI11: FALSE | AJ11: FALSE | AK11: FALSE | AL11: FALSE | AM11: FALSE
A12: d70a7945-a010-41af-9c2e-f0ea6b954937 | B12: 2010 | C12: Mexico | D12: North America | E12: NextGen Analytics | F12: Startup | G12: Agriculture | H12: Research Scientist | I12: Mid | J12: FALSE | L12: 0.08 | M12: Research, Business Analysis, Statistics, Cloud Computing, Data Analysis | O12: 63813 | P12: 3.04 | Q12: 0.72 | R12: FALSE | S12: High | T12: 12 | U12: Emerging | V12: TRUE | W12: TRUE | X12: FALSE | Y12: TRUE | Z12: FALSE | AA12: FALSE | AB12: TRUE | AC12: FALSE | AD12: FALSE | AE12: TRUE | AF12: FALSE | AG12: FALSE | AH12: FALSE | AI12: FALSE | AJ12: FALSE | AK12: FALSE | AL12: FALSE | AM12: FALSE
A13: 87735b8c-0174-4f63-bee3-4a465c845e0e | B13: 2010 | C13: India | D13: South Asia | E13: Future Analytics | F13: Large | G13: Education | H13: Research Scientist | I13: Mid | J13: FALSE | L13: 0.07 | M13: Data Analysis, Software Engineering, Business Analysis, SQL, Project Management | O13: 20676 | P13: -2.4 | Q13: 0.76 | R13: FALSE | S13: High | T13: 11 | U13: Emerging | V13: TRUE | W13: FALSE | X13: FALSE | Y13: TRUE | Z13: TRUE | AA13: FALSE | AB13: FALSE | AC13: TRUE | AD13: TRUE | AE13: FALSE | AF13: FALSE | AG13: FALSE | AH13: FALSE | AI13: FALSE | AJ13: FALSE | AK13: FALSE | AL13: FALSE | AM13: FALSE
A14: d72386bf-805e-4357-9b1b-ebef4ccc4b01 | B14: 2010 | C14: Vietnam | D14: Southeast Asia | E14: NextGen Systems | F14: Enterprise | G14: Government | H14: Policy Analyst | I14: Executive | J14: FALSE | L14: 0.07 | M14: Project Management, Python, Software Engineering, Communication | O14: 29851 | P14: 3.74 | Q14: 0.69 | R14: FALSE | S14: High | T14: 16 | U14: Emerging | V14: FALSE | W14: FALSE | X14: TRUE | Y14: FALSE | Z14: TRUE | AA14: TRUE | AB14: FALSE | AC14: FALSE | AD14: TRUE | AE14: FALSE | AF14: FALSE | AG14: FALSE | AH14: FALSE | AI14: FALSE | AJ14: FALSE | AK14: FALSE | AL14: FALSE | AM14: FALSE
A15: 0ee5f304-67d0-457f-af2e-236ae874cd7e | B15: 2010 | C15: China | D15: East Asia | E15: Prime Solutions | F15: Startup | G15: Energy | H15: Software Engineer | I15: Junior | J15: TRUE | K15: computer vision, reinforcement learning, MLOps, deep learning | L15: 0.74 | M15: Python, Project Management, SQL, Business Analysis | N15: computer vision, reinforcement learning, MLOps, deep learning | O15: 87947 | P15: -1.39 | Q15: 0.3 | R15: TRUE | S15: Low | T15: 6 | U15: Emerging | V15: TRUE | W15: FALSE | X15: FALSE | Y15: FALSE | Z15: TRUE | AA15: TRUE | AB15: FALSE | AC15: TRUE | AD15: FALSE | AE15: FALSE | AF15: FALSE | AG15: TRUE | AH15: FALSE | AI15: TRUE | AJ15: TRUE | AK15: FALSE | AL15: FALSE | AM15: TRUE
A16: 0e14c8f1-6cfc-4c7d-96d6-9784d127888b | B16: 2010 | C16: Chile | D16: South America | E16: NextGen Technologies | F16: Enterprise | G16: Government | H16: Policy Analyst | I16: Mid | J16: FALSE | L16: 0.04 | M16: Business Analysis, Software Engineering, Research, SQL, Communication | O16: 30828 | P16: 0.95 | Q16: 0.62 | R16: FALSE | S16: Low | T16: 1 | U16: Emerging | V16: TRUE | W16: FALSE | X16: TRUE | Y16: FALSE | Z16: FALSE | AA16: FALSE | AB16: TRUE | AC16: TRUE | AD16: TRUE | AE16: FALSE | AF16: FALSE | AG16: FALSE | AH16: FALSE | AI16: FALSE | AJ16: FALSE | AK16: FALSE | AL16: FALSE | AM16: FALSE
A17: df8c6860-b83c-4456-91f5-225f9f52a46e | B17: 2010 | C17: Italy | D17: Europe | E17: Future Solutions | F17: Medium | G17: Government | H17: Research Scientist | I17: Intern | J17: FALSE | L17: 0.08 | M17: Data Analysis, Communication, Statistics | O17: 63343 | P17: -0.97 | Q17: 0.83 | R17: FALSE | S17: High | T17: 19 | U17: Emerging | V17: FALSE | W17: FALSE | X17: TRUE | Y17: TRUE | Z17: FALSE | AA17: FALSE | AB17: FALSE | AC17: FALSE | AD17: FALSE | AE17: TRUE | AF17: FALSE | AG17: FALSE | AH17: FALSE | AI17: FALSE | AJ17: FALSE | AK17: FALSE | AL17: FALSE | AM17: FALSE
A18: e9b1d916-45af-43de-b4d8-de60d0ec624a | B18: 2010 | C18: Poland | D18: Europe | E18: NextGen Technologies | F18: Large | G18: Finance | H18: Policy Analyst | I18: Intern | J18: TRUE | K18: machine learning, deep learning | L18: 0.92 | M18: Software Engineering, Cloud Computing, Data Analysis, Statistics, SQL, Business Analysis | N18: machine learning, deep learning | O18: 74564 | P18: -3.26 | Q18: 0.26 | R18: TRUE | S18: Medium | T18: 5 | U18: Emerging | V18: TRUE | W18: TRUE | X18: FALSE | Y18: TRUE | Z18: FALSE | AA18: FALSE | AB18: FALSE | AC18: TRUE | AD18: TRUE | AE18: TRUE | AF18: FALSE | AG18: FALSE | AH18: FALSE | AI18: FALSE | AJ18: TRUE | AK18: FALSE | AL18: TRUE | AM18: FALSE
A19: ace2f695-bd92-4719-ad0d-45d08ffaa638 | B19: 2010 | C19: Morocco | D19: Africa | E19: Global Analytics | F19: Enterprise | G19: Energy | H19: ML Engineer | I19: Executive | J19: FALSE | L19: 0.05 | M19: Data Analysis, SQL, Statistics, Business Analysis | O19: 19290 | P19: 4.51 | Q19: 0.85 | R19: FALSE | S19: Low | T19: 16 | U19: Emerging | V19: TRUE | W19: FALSE | X19: FALSE | Y19: TRUE | Z19: FALSE | AA19: FALSE | AB19: FALSE | AC19: TRUE | AD19: FALSE | AE19: TRUE | AF19: FALSE | AG19: FALSE | AH19: FALSE | AI19: FALSE | AJ19: FALSE | AK19: FALSE | AL19: FALSE | AM19: FALSE
A20: 67c1ff26-6e41-4ae1-8b3e-a05b1c48f810 | B20: 2010 | C20: UAE | D20: Middle East | E20: Global Analytics | F20: Small | G20: Healthcare | H20: Business Analyst | I20: Junior | J20: FALSE | L20: 0.08 | M20: Statistics, Data Analysis, Research | O20: 53320 | P20: 2.86 | Q20: 0.74 | R20: FALSE | S20: Medium | T20: 11 | U20: Emerging | V20: FALSE | W20: FALSE | X20: FALSE | Y20: TRUE | Z20: FALSE | AA20: FALSE | AB20: TRUE | AC20: FALSE | AD20: FALSE | AE20: TRUE | AF20: FALSE | AG20: FALSE | AH20: FALSE | AI20: FALSE | AJ20: FALSE | AK20: FALSE | AL20: FALSE | AM20: FALSE
A21: c326e290-7621-4132-ae37-6334fcaa63a7 | B21: 2010 | C21: Chile | D21: South America | E21: Global Solutions | F21: Medium | G21: Retail | H21: Systems Engineer | I21: Executive | J21: FALSE | L21: 0.1 | M21: Research, Data Analysis, Python | O21: 33051 | P21: -1.09 | Q21: 0.71 | R21: FALSE | S21: High | T21: 12 | U21: Emerging | V21: FALSE | W21: FALSE | X21: FALSE | Y21: TRUE | Z21: FALSE | AA21: TRUE | AB21: TRUE | AC21: FALSE | AD21: FALSE | AE21: FALSE | AF21: FALSE | AG21: FALSE | AH21: FALSE | AI21: FALSE | AJ21: FALSE | AK21: FALSE | AL21: FALSE | AM21: FALSE
A22: 4d58a197-61dc-40c0-b59d-e973c989e2fb | B22: 2010 | C22: Jordan | D22: Middle East | E22: Prime Technologies | F22: Small | G22: Government | H22: Research Scientist | I22: Senior | J22: FALSE | L22: 0.13 | M22: Statistics, Project Management, Research, Communication | O22: 51175 | P22: -4.64 | Q22: 0.82 | R22: FALSE | S22: High | T22: 0 | U22: Emerging | V22: FALSE | W22: FALSE | X22: TRUE | Y22: FALSE | Z22: TRUE | AA22: FALSE | AB22: TRUE | AC22: FALSE | AD22: FALSE | AE22: TRUE | AF22: FALSE | AG22: FALSE | AH22: FALSE | AI22: FALSE | AJ22: FALSE | AK22: FALSE | AL22: FALSE | AM22: FALSE
A23: 30bf1bc1-ab15-4b40-8df2-7a6aaace56f8 | B23: 2010 | C23: Bangladesh | D23: South Asia | E23: Future Solutions | F23: Medium | G23: Manufacturing | H23: Policy Analyst | I23: Senior | J23: FALSE | L23: 0.17 | M23: SQL, Data Analysis, Software Engineering, Project Management, Research | O23: 21195 | P23: 1.49 | Q23: 0.74 | R23: FALSE | S23: Low | T23: 17 | U23: Emerging | V23: FALSE | W23: FALSE | X23: FALSE | Y23: TRUE | Z23: TRUE | AA23: FALSE | AB23: TRUE | AC23: TRUE | AD23: TRUE | AE23: FALSE | AF23: FALSE | AG23: FALSE | AH23: FALSE | AI23: FALSE | AJ23: FALSE | AK23: FALSE | AL23: FALSE | AM23: FALSE
A24: f2e4f9c4-d248-4e30-85b6-dcd3b39995d0 | B24: 2010 | C24: Japan | D24: East Asia | E24: NextGen Analytics | F24: Startup | G24: Energy | H24: AI Researcher | I24: Lead | J24: TRUE | K24: NLP, MLOps | L24: 0.85 | M24: Python, Business Analysis, Data Analysis, Statistics, Project Management, SQL | N24: NLP, MLOps | O24: 79308 | P24: -1.65 | Q24: 0.39 | R24: TRUE | S24: Medium | T24: 10 | U24: Emerging | V24: TRUE | W24: FALSE | X24: FALSE | Y24: TRUE | Z24: TRUE | AA24: TRUE | AB24: FALSE | AC24: TRUE | AD24: FALSE | AE24: TRUE | AF24: FALSE | AG24: TRUE | AH24: TRUE | AI24: FALSE | AJ24: FALSE | AK24: FALSE | AL24: FALSE | AM24: FALSE
A25: b7360321-f197-4656-8cc7-91e2d46ee37a | B25: 2010 | C25: Mexico | D25: North America | E25: NextGen Systems | F25: Enterprise | G25: Agriculture | H25: ML Engineer | I25: Mid | J25: FALSE | L25: 0.04 | M25: Software Engineering, Project Management, SQL, Data Analysis, Statistics | O25: 67162 | P25: 3.99 | Q25: 0.61 | R25: FALSE | S25: High | T25: 9 | U25: Emerging | V25: FALSE | W25: FALSE | X25: FALSE | Y25: TRUE | Z25: TRUE | AA25: FALSE | AB25: FALSE | AC25: TRUE | AD25: TRUE | AE25: TRUE | AF25: FALSE | AG25: FALSE | AH25: FALSE | AI25: FALSE | AJ25: FALSE | AK25: FALSE | AL25: FALSE | AM25: FALSE
A26: d9375a32-1f84-46be-b37f-d1600e9ba3fc | B26: 2010 | C26: Malaysia | D26: Southeast Asia | E26: Future Analytics | F26: Medium | G26: Healthcare | H26: Operations Manager | I26: Executive | J26: FALSE | L26: 0.09 | M26: Project Management, Communication, Data Analysis, Research, Cloud Computing | O26: 26698 | P26: 1.37 | Q26: 0.77 | R26: FALSE | S26: Low | T26: 2 | U26: Emerging | V26: FALSE | W26: TRUE | X26: TRUE | Y26: TRUE | Z26: TRUE | AA26: FALSE | AB26: TRUE | AC26: FALSE | AD26: FALSE | AE26: FALSE | AF26: FALSE | AG26: FALSE | AH26: FALSE | AI26: FALSE | AJ26: FALSE | AK26: FALSE | AL26: FALSE | AM26: FALSE
A27: e4172c46-06c4-44d0-9d2b-34589f618847 | B27: 2010 | C27: Singapore | D27: Southeast Asia | E27: Prime Analytics | F27: Startup | G27: Government | H27: Data Scientist | I27: Senior | J27: FALSE | L27: 0.12 | M27: Software Engineering, Python, Project Management, SQL, Communication, Business Analysis | O27: 28203 | P27: 4.65 | Q27: 0.62 | R27: FALSE | S27: High | T27: 13 | U27: Emerging | V27: TRUE | W27: FALSE | X27: TRUE | Y27: FALSE | Z27: TRUE | AA27: TRUE | AB27: FALSE | AC27: TRUE | AD27: TRUE | AE27: FALSE | AF27: FALSE | AG27: FALSE | AH27: FALSE | AI27: FALSE | AJ27: FALSE | AK27: FALSE | AL27: FALSE | AM27: FALSE
A28: 4a83e29f-7eae-4f8b-9a0f-b8ebc1654a10 | B28: 2010 | C28: Jordan | D28: Middle East | E28: Global Analytics | F28: Medium | G28: Finance | H28: Data Scientist | I28: Mid | J28: FALSE | L28: 0.06 | M28: Research, Project Management, Business Analysis, Python, Cloud Computing, Software Engineering | O28: 46467 | P28: -3.21 | Q28: 0.74 | R28: FALSE | S28: Medium | T28: 19 | U28: Emerging | V28: TRUE | W28: TRUE | X28: FALSE | Y28: FALSE | Z28: TRUE | AA28: TRUE | AB28: TRUE | AC28: FALSE | AD28: TRUE | AE28: FALSE | AF28: FALSE | AG28: FALSE | AH28: FALSE | AI28: FALSE | AJ28: FALSE | AK28: FALSE | AL28: FALSE | AM28: FALSE
A29: 5864ae01-4908-442e-b70d-e2947eb5266e | B29: 2010 | C29: Mexico | D29: North America | E29: Global Systems | F29: Enterprise | G29: Government | H29: Product Manager | I29: Intern | J29: FALSE | L29: 0.1 | M29: Data Analysis, Communication, SQL, Project Management | O29: 69442 | P29: 3.75 | Q29: 0.83 | R29: FALSE | S29: Low | T29: 1 | U29: Emerging | V29: FALSE | W29: FALSE | X29: TRUE | Y29: TRUE | Z29: TRUE | AA29: FALSE | AB29: FALSE | AC29: TRUE | AD29: FALSE | AE29: FALSE | AF29: FALSE | AG29: FALSE | AH29: FALSE | AI29: FALSE | AJ29: FALSE | AK29: FALSE | AL29: FALSE | AM29: FALSE
A30: 0d23a73e-d9c2-417d-abba-db1e513b7d36 | B30: 2010 | C30: Australia | D30: Oceania | E30: Future Solutions | F30: Enterprise | G30: Government | H30: Operations Manager | I30: Executive | J30: FALSE | L30: 0.12 | M30: Cloud Computing, Python, Project Management, Business Analysis, Communication, Research | O30: 63731 | P30: -1.01 | Q30: 0.85 | R30: FALSE | S30: Medium | T30: 13 | U30: Emerging | V30: TRUE | W30: TRUE | X30: TRUE | Y30: FALSE | Z30: TRUE | AA30: TRUE | AB30: TRUE | AC30: FALSE | AD30: FALSE | AE30: FALSE | AF30: FALSE | AG30: FALSE | AH30: FALSE | AI30: FALSE | AJ30: FALSE | AK30: FALSE | AL30: FALSE | AM30: FALSE
A31: 0f11e2b3-70ef-454a-be99-c253a5f38982 | B31: 2010 | C31: Nepal | D31: South Asia | E31: Prime Technologies | F31: Startup | G31: Energy | H31: Systems Engineer | I31: Junior | J31: FALSE | L31: 0.03 | M31: Cloud Computing, Business Analysis, Software Engineering, Python, Data Analysis | O31: 18127 | P31: -2.89 | Q31: 0.73 | R31: FALSE | S31: Medium | T31: 5 | U31: Emerging | V31: TRUE | W31: TRUE | X31: FALSE | Y31: TRUE | Z31: FALSE | AA31: TRUE | AB31: FALSE | AC31: FALSE | AD31: TRUE | AE31: FALSE | AF31: FALSE | AG31: FALSE | AH31: FALSE | AI31: FALSE | AJ31: FALSE | AK31: FALSE | AL31: FALSE | AM31: FALSE
A32: 6ba8cf52-8995-41e4-bc80-b31400e95a02 | B32: 2010 | C32: UAE | D32: Middle East | E32: Global Solutions | F32: Enterprise | G32: Education | H32: ML Engineer | I32: Junior | J32: FALSE | L32: 0.05 | M32: SQL, Python, Research, Statistics, Business Analysis, Project Management | O32: 51548 | P32: 4.9 | Q32: 0.84 | R32: FALSE | S32: High | T32: 15 | U32: Emerging | V32: TRUE | W32: FALSE | X32: FALSE | Y32: FALSE | Z32: TRUE | AA32: TRUE | AB32: TRUE | AC32: TRUE | AD32: FALSE | AE32: TRUE | AF32: FALSE | AG32: FALSE | AH32: FALSE | AI32: FALSE | AJ32: FALSE | AK32: FALSE | AL32: FALSE | AM32: FALSE
A33: be913d77-70d9-463e-b8c3-a5546aa5c3fd | B33: 2010 | C33: Israel | D33: Middle East | E33: Global Analytics | F33: Enterprise | G33: Finance | H33: ML Engineer | I33: Intern | J33: FALSE | L33: 0.02 | M33: Cloud Computing, Python, Business Analysis, Software Engineering, Data Analysis | O33: 51928 | P33: -0.29 | Q33: 0.8 | R33: FALSE | S33: Low | T33: 14 | U33: Emerging | V33: TRUE | W33: TRUE | X33: FALSE | Y33: TRUE | Z33: FALSE | AA33: TRUE | AB33: FALSE | AC33: FALSE | AD33: TRUE | AE33: FALSE | AF33: FALSE | AG33: FALSE | AH33: FALSE | AI33: FALSE | AJ33: FALSE | AK33: FALSE | AL33: FALSE | AM33: FALSE
A34: 79aa7786-2b62-46d0-90fb-c7096eba6ff8 | B34: 2010 | C34: Argentina | D34: South America | E34: Future Systems | F34: Large | G34: Agriculture | H34: Business Analyst | I34: Lead | J34: FALSE | L34: 0.01 | M34: Python, Software Engineering, Business Analysis, Statistics, SQL | O34: 33399 | P34: 3.68 | Q34: 0.64 | R34: FALSE | S34: Medium | T34: 6 | U34: Emerging | V34: TRUE | W34: FALSE | X34: FALSE | Y34: FALSE | Z34: FALSE | AA34: TRUE | AB34: FALSE | AC34: TRUE | AD34: TRUE | AE34: TRUE | AF34: FALSE | AG34: FALSE | AH34: FALSE | AI34: FALSE | AJ34: FALSE | AK34: FALSE | AL34: FALSE | AM34: FALSE
A35: 29b4673a-47c5-4bff-b935-a0b0355de8cc | B35: 2010 | C35: Mexico | D35: North America | E35: NextGen Analytics | F35: Medium | G35: Tech | H35: ML Engineer | I35: Lead | J35: FALSE | L35: 0.01 | M35: Statistics, SQL, Data Analysis, Cloud Computing | O35: 78508 | P35: 0.63 | Q35: 0.86 | R35: FALSE | S35: Medium | T35: 18 | U35: Emerging | V35: FALSE | W35: TRUE | X35: FALSE | Y35: TRUE | Z35: FALSE | AA35: FALSE | AB35: FALSE | AC35: TRUE | AD35: FALSE | AE35: TRUE | AF35: FALSE | AG35: FALSE | AH35: FALSE | AI35: FALSE | AJ35: FALSE | AK35: FALSE | AL35: FALSE | AM35: FALSE
A36: 895e8453-0013-4525-8c09-7962fce852f3 | B36: 2010 | C36: Pakistan | D36: South Asia | E36: Prime Analytics | F36: Large | G36: Government | H36: Systems Engineer | I36: Junior | J36: FALSE | L36: 0.17 | M36: Python, Statistics, SQL, Communication, Data Analysis, Project Management | O36: 22122 | P36: -2.22 | Q36: 0.66 | R36: FALSE | S36: High | T36: 9 | U36: Emerging | V36: FALSE | W36: FALSE | X36: TRUE | Y36: TRUE | Z36: TRUE | AA36: TRUE | AB36: FALSE | AC36: TRUE | AD36: FALSE | AE36: TRUE | AF36: FALSE | AG36: FALSE | AH36: FALSE | AI36: FALSE | AJ36: FALSE | AK36: FALSE | AL36: FALSE | AM36: FALSE
... A39: 42e699e7-784d-46dc-ab26-06816675f5de | B39: 2010 | C39: Canada | D39: North America | E39: Prime Solutions | F39: Large | G39: Manufacturing | H39: Software Engineer | I39: Mid | J39: FALSE | L39: 0.11 | M39: Python, Cloud Computing, Communication, Software Engineering, Data Analysis, SQL | O39: 62849 | P39: -4.46 | Q39: 0.66 | R39: FALSE | S39: Medium | T39: 14 | U39: Emerging | V39: FALSE | W39: TRUE | X39: TRUE | Y39: TRUE | Z39: FALSE | AA39: TRUE | AB39: FALSE | AC39: TRUE | AD39: TRUE | AE39: FALSE | AF39: FALSE | AG39: FALSE | AH39: FALSE | AI39: FALSE | AJ39: FALSE | AK39: FALSE | AL39: FALSE | AM39: FALSE
A40: 8ebdd1b0-53f6-4656-b5f2-bd38402ed789 | B40: 2010 | C40: Nigeria | D40: Africa | E40: Global Analytics | F40: Small | G40: Government | H40: Software Engineer | I40: Executive | J40: TRUE | K40: reinforcement learning | L40: 0.53 | M40: Project Management, SQL, Business Analysis, Statistics | N40: reinforcement learning | O40: 27995 | P40: 0.8 | Q40: 0.27 | R40: TRUE | S40: Medium | T40: 0 | U40: Emerging | V40: TRUE | W40: FALSE | X40: FALSE | Y40: FALSE | Z40: TRUE | AA40: FALSE | AB40: FALSE | AC40: TRUE | AD40: FALSE | AE40: TRUE | AF40: FALSE | AG40: FALSE | AH40: FALSE | AI40: FALSE | AJ40: FALSE | AK40: FALSE | AL40: FALSE | AM40: TRUE
A41: da80282d-84fd-488d-bdbe-7ed357e95a4e | B41: 2010 | C41: Australia | D41: Oceania | E41: NextGen Analytics | F41: Medium | G41: Manufacturing | H41: AI Researcher | I41: Lead | J41: FALSE | L41: 0.13 | M41: Business Analysis, Cloud Computing, Project Management | O41: 65925 | P41: -0.26 | Q41: 0.86 | R41: FALSE | S41: Low | T41: 2 | U41: Emerging | V41: TRUE | W41: TRUE | X41: FALSE | Y41: FALSE | Z41: TRUE | AA41: FALSE | AB41: FALSE | AC41: FALSE | AD41: FALSE | AE41: FALSE | AF41: FALSE | AG41: FALSE | AH41: FALSE | AI41: FALSE | AJ41: FALSE | AK41: FALSE | AL41: FALSE | AM41: FALSE
A42: 546d60c7-84f0-4645-98ac-06b34831eab3 | B42: 2010 | C42: India | D42: South Asia | E42: Future Technologies | F42: Small | G42: Manufacturing | H42: Operations Manager | I42: Senior | J42: FALSE | L42: 0.13 | M42: Communication, Research, Software Engineering | O42: 17654 | P42: 4.5 | Q42: 0.84 | R42: FALSE | S42: High | T42: 1 | U42: Emerging | V42: FALSE | W42: FALSE | X42: TRUE | Y42: FALSE | Z42: FALSE | AA42: FALSE | AB42: TRUE | AC42: FALSE | AD42: TRUE | AE42: FALSE | AF42: FALSE | AG42: FALSE | AH42: FALSE | AI42: FALSE | AJ42: FALSE | AK42: FALSE | AL42: FALSE | AM42: FALSE
A43: 542124a0-2cea-43aa-8cb7-7c80e279e34a | B43: 2010 | C43: Poland | D43: Europe | E43: NextGen Solutions | F43: Medium | G43: Manufacturing | H43: Policy Analyst | I43: Senior | J43: FALSE | L43: 0.17 | M43: Python, Statistics, Business Analysis, Software Engineering, Project Management, Cloud Computing | O43: 60482 | P43: 3.56 | Q43: 0.7 | R43: FALSE | S43: Medium | T43: 8 | U43: Emerging | V43: TRUE | W43: TRUE | X43: FALSE | Y43: FALSE | Z43: TRUE | AA43: TRUE | AB43: FALSE | AC43: FALSE | AD43: TRUE | AE43: TRUE | AF43: FALSE | AG43: FALSE | AH43: FALSE | AI43: FALSE | AJ43: FALSE | AK43: FALSE | AL43: FALSE | AM43: FALSE
A44: 88396197-5dc0-4b40-a881-c414a34088d7 | B44: 2010 | C44: South Korea | D44: East Asia | E44: NextGen Systems | F44: Startup | G44: Healthcare | H44: AI Researcher | I44: Junior | J44: FALSE | L44: 0.01 | M44: Statistics, Communication, SQL | O44: 59976 | P44: -1.27 | Q44: 0.67 | R44: FALSE | S44: Low | T44: 0 | U44: Emerging | V44: FALSE | W44: FALSE | X44: TRUE | Y44: FALSE | Z44: FALSE | AA44: FALSE | AB44: FALSE | AC44: TRUE | AD44: FALSE | AE44: TRUE | AF44: FALSE | AG44: FALSE | AH44: FALSE | AI44: FALSE | AJ44: FALSE | AK44: FALSE | AL44: FALSE | AM44: FALSE
A45: ca0a91a4-c1f2-4cfd-be14-a83ecfaff811 | B45: 2010 | C45: Netherlands | D45: Europe | E45: NextGen Systems | F45: Medium | G45: Finance | H45: Research Scientist | I45: Senior | J45: FALSE | L45: 0.06 | M45: SQL, Project Management, Software Engineering, Python, Cloud Computing, Business Analysis | O45: 66621 | P45: 0.11 | Q45: 0.62 | R45: FALSE | S45: Low | T45: 12 | U45: Emerging | V45: TRUE | W45: TRUE | X45: FALSE | Y45: FALSE | Z45: TRUE | AA45: TRUE | AB45: FALSE | AC45: TRUE | AD45: TRUE | AE45: FALSE | AF45: FALSE | AG45: FALSE | AH45: FALSE | AI45: FALSE | AJ45: FALSE | AK45: FALSE | AL45: FALSE | AM45: FALSE
A46: 1de4aa0b-d689-4c76-9c6f-9e43c5320b0f | B46: 2010 | C46: Ghana | D46: Africa | E46: Future Technologies | F46: Large | G46: Healthcare | H46: Software Engineer | I46: Intern | J46: FALSE | L46: 0.13 | M46: Python, Research, Business Analysis, Statistics, Cloud Computing | O46: 16927 | P46: 0.21 | Q46: 0.64 | R46: FALSE | S46: Low | T46: 10 | U46: Emerging | V46: TRUE | W46: TRUE | X46: FALSE | Y46: FALSE | Z46: FALSE | AA46: TRUE | AB46: TRUE | AC46: FALSE | AD46: FALSE | AE46: TRUE | AF46: FALSE | AG46: FALSE | AH46: FALSE | AI46: FALSE | AJ46: FALSE | AK46: FALSE | AL46: FALSE | AM46: FALSE
A47: 205799b1-290e-4ab6-817a-07854db6215c | B47: 2010 | C47: Israel | D47: Middle East | E47: Global Solutions | F47: Startup | G47: Finance | H47: Research Scientist | I47: Intern | J47: TRUE | K47: reinforcement learning, computer vision, machine learning, deep learning | L47: 0.42 | M47: Project Management, SQL, Statistics, Business Analysis, Research | N47: reinforcement learning, computer vision, machine learning, deep learning | O47: 75229 | P47: -2.37 | Q47: 0.17 | R47: TRUE | S47: Low | T47: 8 | U47: Emerging | V47: TRUE | W47: FALSE | X47: FALSE | Y47: FALSE | Z47: TRUE | AA47: FALSE | AB47: TRUE | AC47: TRUE | AD47: FALSE | AE47: TRUE | AF47: FALSE | AG47: FALSE | AH47: FALSE | AI47: TRUE | AJ47: TRUE | AK47: FALSE | AL47: TRUE | AM47: TRUE
A48: eea41741-9edd-4c3d-ba62-766e2090945a | B48: 2010 | C48: Brazil | D48: South America | E48: Future Analytics | F48: Startup | G48: Education | H48: Operations Manager | I48: Intern | J48: FALSE | L48: 0.15 | M48: Python, Communication, Business Analysis, Project Management, Statistics | O48: 39367 | P48: -4.96 | Q48: 0.85 | R48: FALSE | S48: Medium | T48: 13 | U48: Emerging | V48: TRUE | W48: FALSE | X48: TRUE | Y48: FALSE | Z48: TRUE | AA48: TRUE | AB48: FALSE | AC48: FALSE | AD48: FALSE | AE48: TRUE | AF48: FALSE | AG48: FALSE | AH48: FALSE | AI48: FALSE | AJ48: FALSE | AK48: FALSE | AL48: FALSE | AM48: FALSE
A49: 53ed09fb-0b83-4a80-b2e5-e8f380c5a164 | B49: 2010 | C49: Morocco | D49: Africa | E49: Global Solutions | F49: Small | G49: Healthcare | H49: Policy Analyst | I49: Intern | J49: FALSE | L49: 0.19 | M49: Python, Statistics, SQL, Project Management, Communication, Research | O49: 15834 | P49: 2.95 | Q49: 0.82 | R49: FALSE | S49: High | T49: 13 | U49: Emerging | V49: FALSE | W49: FALSE | X49: TRUE | Y49: FALSE | Z49: TRUE | AA49: TRUE | AB49: TRUE | AC49: TRUE | AD49: FALSE | AE49: TRUE | AF49: FALSE | AG49: FALSE | AH49: FALSE | AI49: FALSE | AJ49: FALSE | AK49: FALSE | AL49: FALSE | AM49: FALSE
A50: f4eda899-837e-46cc-87c4-2ea74cbf3ac7 | B50: 2010 | C50: Morocco | D50: Africa | E50: NextGen Technologies | F50: Startup | G50: Healthcare | H50: ML Engineer | I50: Executive | J50: FALSE | L50: 0.13 | M50: Software Engineering, Statistics, Data Analysis, Research, Python, SQL | O50: 20584 | P50: -2.23 | Q50: 0.81 | R50: FALSE | S50: Medium | T50: 6 | U50: Emerging | V50: FALSE | W50: FALSE | X50: FALSE | Y50: TRUE | Z50: FALSE | AA50: TRUE | AB50: TRUE | AC50: TRUE | AD50: TRUE | AE50: TRUE | AF50: FALSE | AG50: FALSE | AH50: FALSE | AI50: FALSE | AJ50: FALSE | AK50: FALSE | AL50: FALSE | AM50: FALSE
A51: caf5edbd-b796-4332-b4c8-972b7e52b21a | B51: 2010 | C51: United States | D51: North America | E51: NextGen Systems | F51: Startup | G51: Government | H51: Operations Manager | I51: Executive | J51: FALSE | L51: 0.02 | M51: Cloud Computing, Research, Communication, Business Analysis, Project Management, Statistics | O51: 73040 | P51: 4.52 | Q51: 0.89 | R51: FALSE | S51: Low | T51: 10 | U51: Emerging | V51: TRUE | W51: TRUE | X51: TRUE | Y51: FALSE | Z51: TRUE | AA51: FALSE | AB51: TRUE | AC51: FALSE | AD51: FALSE | AE51: TRUE | AF51: FALSE | AG51: FALSE | AH51: FALSE | AI51: FALSE | AJ51: FALSE | AK51: FALSE | AL51: FALSE | AM51: FALSE
A52: 356aa7cf-7deb-4cba-9fd0-0e9f12b9e769 | B52: 2010 | C52: United States | D52: North America | E52: NextGen Systems | F52: Small | G52: Manufacturing | H52: ML Engineer | I52: Mid | J52: FALSE | L52: 0.03 | M52: Project Management, Communication, Business Analysis | O52: 59813 | P52: 1.23 | Q52: 0.8 | R52: FALSE | S52: High | T52: 12 | U52: Emerging | V52: TRUE | W52: FALSE | X52: TRUE | Y52: FALSE | Z52: TRUE | AA52: FALSE | AB52: FALSE | AC52: FALSE | AD52: FALSE | AE52: FALSE | AF52: FALSE | AG52: FALSE | AH52: FALSE | AI52: FALSE | AJ52: FALSE | AK52: FALSE | AL52: FALSE | AM52: FALSE
A53: 02038148-7a90-4291-9e32-23d3e495b516 | B53: 2010 | C53: Qatar | D53: Middle East | E53: Global Technologies | F53: Enterprise | G53: Manufacturing | H53: Data Scientist | I53: Mid | J53: FALSE | L53: 0.1 | M53: Research, Statistics, SQL, Cloud Computing, Data Analysis, Software Engineering | O53: 51488 | P53: 4.22 | Q53: 0.6 | R53: FALSE | S53: High | T53: 14 | U53: Emerging | V53: FALSE | W53: TRUE | X53: FALSE | Y53: TRUE | Z53: FALSE | AA53: FALSE | AB53: TRUE | AC53: TRUE | AD53: TRUE | AE53: TRUE | AF53: FALSE | AG53: FALSE | AH53: FALSE | AI53: FALSE | AJ53: FALSE | AK53: FALSE | AL53: FALSE | AM53: FALSE
A54: cb281b56-1b6a-462d-a15f-97300d0116ff | B54: 2010 | C54: Taiwan | D54: East Asia | E54: Prime Technologies | F54: Startup | G54: Healthcare | H54: Software Engineer | I54: Intern | J54: FALSE | L54: 0.07 | M54: Python, Statistics, Data Analysis, Software Engineering, SQL | O54: 49995 | P54: -3.39 | Q54: 0.7 | R54: FALSE | S54: High | T54: 7 | U54: Emerging | V54: FALSE | W54: FALSE | X54: FALSE | Y54: TRUE | Z54: FALSE | AA54: TRUE | AB54: FALSE | AC54: TRUE | AD54: TRUE | AE54: TRUE | AF54: FALSE | AG54: FALSE | AH54: FALSE | AI54: FALSE | AJ54: FALSE | AK54: FALSE | AL54: FALSE | AM54: FALSE
A55: 158ca5dd-ed62-4c78-be1a-57afba356b0b | B55: 2010 | C55: Sweden | D55: Europe | E55: Prime Analytics | F55: Small | G55: Retail | H55: Business Analyst | I55: Lead | J55: FALSE | L55: 0.18 | M55: Python, Research, Data Analysis | O55: 51565 | P55: -1.02 | Q55: 0.89 | R55: FALSE | S55: Medium | T55: 17 | U55: Emerging | V55: FALSE | W55: FALSE | X55: FALSE | Y55: TRUE | Z55: FALSE | AA55: TRUE | AB55: TRUE | AC55: FALSE | AD55: FALSE | AE55: FALSE | AF55: FALSE | AG55: FALSE | AH55: FALSE | AI55: FALSE | AJ55: FALSE | AK55: FALSE | AL55: FALSE | AM55: FALSE
A56: 84d85cf5-51ff-4762-b5e8-42b65e8abe60 | B56: 2010 | C56: Kenya | D56: Africa | E56: NextGen Technologies | F56: Large | G56: Tech | H56: AI Researcher | I56: Mid | J56: FALSE | L56: 0.02 | M56: Project Management, Cloud Computing, Python, Data Analysis, Statistics | O56: 18055 | P56: 0.01 | Q56: 0.75 | R56: FALSE | S56: Medium | T56: 12 | U56: Emerging | V56: FALSE | W56: TRUE | X56: FALSE | Y56: TRUE | Z56: TRUE | AA56: TRUE | AB56: FALSE | AC56: FALSE | AD56: FALSE | AE56: TRUE | AF56: FALSE | AG56: FALSE | AH56: FALSE | AI56: FALSE | AJ56: FALSE | AK56: FALSE | AL56: FALSE | AM56: FALSE
A57: 9512805c-7679-4b24-a3e7-52156c41798b | B57: 2010 | C57: Thailand | D57: Southeast Asia | E57: Global Solutions | F57: Startup | G57: Education | H57: Research Scientist | I57: Junior | J57: FALSE | L57: 0.04 | M57: Data Analysis, Business Analysis, Software Engineering, SQL | O57: 33483 | P57: -4.61 | Q57: 0.7 | R57: FALSE | S57: Medium | T57: 8 | U57: Emerging | V57: TRUE | W57: FALSE | X57: FALSE | Y57: TRUE | Z57: FALSE | AA57: FALSE | AB57: FALSE | AC57: TRUE | AD57: TRUE | AE57: FALSE | AF57: FALSE | AG57: FALSE | AH57: FALSE | AI57: FALSE | AJ57: FALSE | AK57: FALSE | AL57: FALSE | AM57: FALSE
A58: c4beb156-07bb-442d-abe1-e2e3aeddd550 | B58: 2010 | C58: Netherlands | D58: Europe | E58: Global Systems | F58: Enterprise | G58: Finance | H58: ML Engineer | I58: Junior | J58: TRUE | K58: deep learning, NLP, computer vision, machine learning | L58: 0.7 | M58: Cloud Computing, SQL, Communication, Software Engineering | N58: deep learning, NLP, computer vision, machine learning | O58: 76155 | P58: 2.6 | Q58: 0.36 | R58: TRUE | S58: High | T58: 5 | U58: Emerging | V58: FALSE | W58: TRUE | X58: TRUE | Y58: FALSE | Z58: FALSE | AA58: FALSE | AB58: FALSE | AC58: TRUE | AD58: TRUE | AE58: FALSE | AF58: FALSE | AG58: FALSE | AH58: TRUE | AI58: TRUE | AJ58: TRUE | AK58: FALSE | AL58: TRUE | AM58: FALSE
A59: 3b15e18a-3724-4c9d-bfd0-51d583d7dd1b | B59: 2010 | C59: Kenya | D59: Africa | E59: Prime Systems | F59: Enterprise | G59: Tech | H59: Business Analyst | I59: Junior | J59: FALSE | L59: 0.1 | M59: Research, Communication, Cloud Computing, Data Analysis, SQL, Project Management | O59: 15719 | P59: 1.72 | Q59: 0.61 | R59: FALSE | S59: Low | T59: 12 | U59: Emerging | V59: FALSE | W59: TRUE | X59: TRUE | Y59: TRUE | Z59: TRUE | AA59: FALSE | AB59: TRUE | AC59: TRUE | AD59: FALSE | AE59: FALSE | AF59: FALSE | AG59: FALSE | AH59: FALSE | AI59: FALSE | AJ59: FALSE | AK59: FALSE | AL59: FALSE | AM59: FALSE
A60: 951b2915-6a70-4d87-a22e-ebe13ed65c0a | B60: 2010 | C60: Taiwan | D60: East Asia | E60: NextGen Solutions | F60: Enterprise | G60: Energy | H60: AI Researcher | I60: Lead | J60: FALSE | L60: 0.12 | M60: Project Management, Python, Data Analysis, Business Analysis, Statistics | O60: 60272 | P60: -0.61 | Q60: 0.6 | R60: FALSE | S60: High | T60: 2 | U60: Emerging | V60: TRUE | W60: FALSE | X60: FALSE | Y60: TRUE | Z60: TRUE | AA60: TRUE | AB60: FALSE | AC60: FALSE | AD60: FALSE | AE60: TRUE | AF60: FALSE | AG60: FALSE | AH60: FALSE | AI60: FALSE | AJ60: FALSE | AK60: FALSE | AL60: FALSE | AM60: FALSE
A61: 2ee8b7af-1ecf-4d7f-a540-939fc37ff0ba | B61: 2010 | C61: Malaysia | D61: Southeast Asia | E61: Future Systems | F61: Large | G61: Manufacturing | H61: Data Scientist | I61: Executive | J61: FALSE | L61: 0.09 | M61: Business Analysis, Statistics, SQL, Communication, Cloud Computing, Python | O61: 34128 | P61: -0.84 | Q61: 0.64 | R61: FALSE | S61: Medium | T61: 1 | U61: Emerging | V61: TRUE | W61: TRUE | X61: TRUE | Y61: FALSE | Z61: FALSE | AA61: TRUE | AB61: FALSE | AC61: TRUE | AD61: FALSE | AE61: TRUE | AF61: FALSE | AG61: FALSE | AH61: FALSE | AI61: FALSE | AJ61: FALSE | AK61: FALSE | AL61: FALSE | AM61: FALSE
A62: ebc930b0-dd35-45d8-a168-d4773d147b6d | B62: 2010 | C62: Bangladesh | D62: South Asia | E62: NextGen Technologies | F62: Enterprise | G62: Manufacturing | H62: ML Engineer | I62: Executive | J62: FALSE | L62: 0.13 | M62: Communication, Cloud Computing, Business Analysis, Python | O62: 17857 | P62: -0.83 | Q62: 0.86 | R62: FALSE | S62: Low | T62: 3 | U62: Emerging | V62: TRUE | W62: TRUE | X62: TRUE | Y62: FALSE | Z62: FALSE | AA62: TRUE | AB62: FALSE | AC62: FALSE | AD62: FALSE | AE62: FALSE | AF62: FALSE | AG62: FALSE | AH62: FALSE | AI62: FALSE | AJ62: FALSE | AK62: FALSE | AL62: FALSE | AM62: FALSE
A63: 3c32245d-28e0-47d9-9216-4c7bfecf76d4 | B63: 2010 | C63: Malaysia | D63: Southeast Asia | E63: Future Analytics | F63: Small | G63: Healthcare | H63: Data Scientist | I63: Executive | J63: FALSE | L63: 0.08 | M63: Software Engineering, Python, Project Management | O63: 30309 | P63: -0.74 | Q63: 0.75 | R63: FALSE | S63: Medium | T63: 6 | U63: Emerging | V63: FALSE | W63: FALSE | X63: FALSE | Y63: FALSE | Z63: TRUE | AA63: TRUE | AB63: FALSE | AC63: FALSE | AD63: TRUE | AE63: FALSE | AF63: FALSE | AG63: FALSE | AH63: FALSE | AI63: FALSE | AJ63: FALSE | AK63: FALSE | AL63: FALSE | AM63: FALSE
A64: bd47776c-be56-4ea0-9cfd-a8047b0c3601 | B64: 2010 | C64: Australia | D64: Oceania | E64: Global Analytics | F64: Startup | G64: Government | H64: Research Scientist | I64: Junior | J64: FALSE | L64: 0.08 | M64: Software Engineering, Data Analysis, Research, Project Management | O64: 70078 | P64: 4.66 | Q64: 0.61 | R64: FALSE | S64: High | T64: 19 | U64: Emerging | V64: FALSE | W64: FALSE | X64: FALSE | Y64: TRUE | Z64: TRUE | AA64: FALSE | AB64: TRUE | AC64: FALSE | AD64: TRUE | AE64: FALSE | AF64: FALSE | AG64: FALSE | AH64: FALSE | AI64: FALSE | AJ64: FALSE | AK64: FALSE | AL64: FALSE | AM64: FALSE
A65: 426db868-7d7f-4c45-bb08-45a8d232e73d | B65: 2010 | C65: Malaysia | D65: Southeast Asia | E65: NextGen Systems | F65: Enterprise | G65: Healthcare | H65: ML Engineer | I65: Senior | J65: FALSE | L65: 0.17 | M65: Python, Business Analysis, Data Analysis, Communication, Cloud Computing | O65: 30324 | P65: -2.11 | Q65: 0.79 | R65: FALSE | S65: Low | T65: 13 | U65: Emerging | V65: TRUE | W65: TRUE | X65: TRUE | Y65: TRUE | Z65: FALSE | AA65: TRUE | AB65: FALSE | AC65: FALSE | AD65: FALSE | AE65: FALSE | AF65: FALSE | AG65: FALSE | AH65: FALSE | AI65: FALSE | AJ65: FALSE | AK65: FALSE | AL65: FALSE | AM65: FALSE
A66: acfb7f83-7c9e-40ea-afdd-b6b14a6ebe43 | B66: 2010 | C66: Australia | D66: Oceania | E66: Prime Technologies | F66: Medium | G66: Energy | H66: Data Scientist | I66: Junior | J66: FALSE | L66: 0.14 | M66: SQL, Python, Cloud Computing | O66: 68215 | P66: 4.57 | Q66: 0.77 | R66: FALSE | S66: Low | T66: 19 | U66: Emerging | V66: FALSE | W66: TRUE | X66: FALSE | Y66: FALSE | Z66: FALSE | AA66: TRUE | AB66: FALSE | AC66: TRUE | AD66: FALSE | AE66: FALSE | AF66: FALSE | AG66: FALSE | AH66: FALSE | AI66: FALSE | AJ66: FALSE | AK66: FALSE | AL66: FALSE | AM66: FALSE
A67: 5e183e94-d3e8-46be-a5e4-b055d5c05382 | B67: 2010 | C67: Australia | D67: Oceania | E67: NextGen Analytics | F67: Small | G67: Energy | H67: Policy Analyst | I67: Lead | J67: FALSE | L67: 0.1 | M67: Data Analysis, SQL, Project Management | O67: 73048 | P67: 1.42 | Q67: 0.89 | R67: FALSE | S67: High | T67: 19 | U67: Emerging | V67: FALSE | W67: FALSE | X67: FALSE | Y67: TRUE | Z67: TRUE | AA67: FALSE | AB67: FALSE | AC67: TRUE | AD67: FALSE | AE67: FALSE | AF67: FALSE | AG67: FALSE | AH67: FALSE | AI67: FALSE | AJ67: FALSE | AK67: FALSE | AL67: FALSE | AM67: FALSE
A68: 67066420-1fe7-4321-9fca-3852c75ef772 | B68: 2010 | C68: Netherlands | D68: Europe | E68: Global Systems | F68: Medium | G68: Agriculture | H68: Business Analyst | I68: Intern | J68: FALSE | L68: 0.05 | M68: Data Analysis, Cloud Computing, SQL, Statistics, Communication, Business Analysis | O68: 53535 | P68: -2.49 | Q68: 0.66 | R68: FALSE | S68: Low | T68: 12 | U68: Emerging | V68: TRUE | W68: TRUE | X68: TRUE | Y68: TRUE | Z68: FALSE | AA68: FALSE | AB68: FALSE | AC68: TRUE | AD68: FALSE | AE68: TRUE | AF68: FALSE | AG68: FALSE | AH68: FALSE | AI68: FALSE | AJ68: FALSE | AK68: FALSE | AL68: FALSE | AM68: FALSE
A69: baed8b10-9039-45bf-87af-ce98c08c1962 | B69: 2010 | C69: France | D69: Europe | E69: NextGen Analytics | F69: Startup | G69: Manufacturing | H69: Systems Engineer | I69: Lead | J69: FALSE | L69: 0.11 | M69: Software Engineering, Python, Business Analysis, SQL | O69: 64843 | P69: 4.05 | Q69: 0.71 | R69: FALSE | S69: Low | T69: 11 | U69: Emerging | V69: TRUE | W69: FALSE | X69: FALSE | Y69: FALSE | Z69: FALSE | AA69: TRUE | AB69: FALSE | AC69: TRUE | AD69: TRUE | AE69: FALSE | AF69: FALSE | AG69: FALSE | AH69: FALSE | AI69: FALSE | AJ69: FALSE | AK69: FALSE | AL69: FALSE | AM69: FALSE
A70: 71ee62e6-f5ce-4c89-86ac-509240db9c8f | B70: 2010 | C70: Argentina | D70: South America | E70: NextGen Systems | F70: Enterprise | G70: Healthcare | H70: Software Engineer | I70: Senior | J70: TRUE | K70: computer vision, MLOps, machine learning | L70: 0.62 | M70: Research, Software Engineering, Python, Project Management, Statistics, Business Analysis | N70: computer vision, MLOps, machine learning | O70: 42740 | P70: 2.21 | Q70: 0.12 | R70: TRUE | S70: High | T70: 13 | U70: Emerging | V70: TRUE | W70: FALSE | X70: FALSE | Y70: FALSE | Z70: TRUE | AA70: TRUE | AB70: TRUE | AC70: FALSE | AD70: TRUE | AE70: TRUE | AF70: FALSE | AG70: TRUE | AH70: FALSE | AI70: TRUE | AJ70: FALSE | AK70: FALSE | AL70: TRUE | AM70: FALSE
A71: b77f6bb1-0310-408f-8c21-70e6ebf354af | B71: 2010 | C71: Chile | D71: South America | E71: Future Systems | F71: Medium | G71: Energy | H71: ML Engineer | I71: Senior | J71: FALSE | L71: 0.09 | M71: Cloud Computing, Statistics, Research, SQL | O71: 32824 | P71: -0.69 | Q71: 0.86 | R71: FALSE | S71: Low | T71: 15 | U71: Emerging | V71: FALSE | W71: TRUE | X71: FALSE | Y71: FALSE | Z71: FALSE | AA71: FALSE | AB71: TRUE | AC71: TRUE | AD71: FALSE | AE71: TRUE | AF71: FALSE | AG71: FALSE | AH71: FALSE | AI71: FALSE | AJ71: FALSE | AK71: FALSE | AL71: FALSE | AM71: FALSE
A72: 92123445-816d-480d-a335-3fe8a065318a | B72: 2010 | C72: Ghana | D72: Africa | E72: Prime Systems | F72: Startup | G72: Government | H72: Software Engineer | I72: Mid | J72: FALSE | L72: 0.06 | M72: SQL, Python, Communication | O72: 18927 | P72: -0.79 | Q72: 0.83 | R72: FALSE | S72: Medium | T72: 4 | U72: Emerging | V72: FALSE | W72: FALSE | X72: TRUE | Y72: FALSE | Z72: FALSE | AA72: TRUE | AB72: FALSE | AC72: TRUE | AD72: FALSE | AE72: FALSE | AF72: FALSE | AG72: FALSE | AH72: FALSE | AI72: FALSE | AJ72: FALSE | AK72: FALSE | AL72: FALSE | AM72: FALSE
A73: 9fd40b6c-7fe6-4e4a-9b3f-819e96e974f4 | B73: 2010 | C73: China | D73: East Asia | E73: Future Analytics | F73: Startup | G73: Agriculture | H73: Policy Analyst | I73: Junior | J73: FALSE | L73: 0.07 | M73: Statistics, Cloud Computing, Project Management, Data Analysis | O73: 56185 | P73: -2.91 | Q73: 0.68 | R73: FALSE | S73: Medium | T73: 2 | U73: Emerging | V73: FALSE | W73: TRUE | X73: FALSE | Y73: TRUE | Z73: TRUE | AA73: FALSE | AB73: FALSE | AC73: FALSE | AD73: FALSE | AE73: TRUE | AF73: FALSE | AG73: FALSE | AH73: FALSE | AI73: FALSE | AJ73: FALSE | AK73: FALSE | AL73: FALSE | AM73: FALSE
A74: 117e0423-2e32-4813-9d0c-b35656ad5fd6 | B74: 2010 | C74: Peru | D74: South America | E74: Global Technologies | F74: Medium | G74: Agriculture | H74: AI Researcher | I74: Mid | J74: FALSE | L74: 0.16 | M74: Project Management, Business Analysis, Communication, Research, Python, Statistics | O74: 34952 | P74: -3.85 | Q74: 0.89 | R74: FALSE | S74: Low | T74: 1 | U74: Emerging | V74: TRUE | W74: FALSE | X74: TRUE | Y74: FALSE | Z74: TRUE | AA74: TRUE | AB74: TRUE | AC74: FALSE | AD74: FALSE | AE74: TRUE | AF74: FALSE | AG74: FALSE | AH74: FALSE | AI74: FALSE | AJ74: FALSE | AK74: FALSE | AL74: FALSE | AM74: FALSE
A75: 2b73c589-a837-4f99-954e-e86f13f80700 | B75: 2010 | C75: United States | D75: North America | E75: Global Technologies | F75: Large | G75: Finance | H75: Policy Analyst | I75: Intern | J75: TRUE | K75: machine learning, NLP, reinforcement learning | L75: 0.77 | M75: Project Management, Statistics, Communication, Python, SQL | N75: machine learning, NLP, reinforcement learning | O75: 103560 | P75: 1.36 | Q75: 0.19 | R75: TRUE | S75: Medium | T75: 19 | U75: Emerging | V75: FALSE | W75: FALSE | X75: TRUE | Y75: FALSE | Z75: TRUE | AA75: TRUE | AB75: FALSE | AC75: TRUE | AD75: FALSE | AE75: TRUE | AF75: FALSE | AG75: FALSE | AH75: TRUE | AI75: FALSE | AJ75: FALSE | AK75: FALSE | AL75: TRUE | AM75: TRUE
A76: e3fecc5c-afc8-42ee-9787-a0b75150c92b | B76: 2010 | C76: Jordan | D76: Middle East | E76: Future Technologies | F76: Medium | G76: Manufacturing | H76: Software Engineer | I76: Intern | J76: FALSE | L76: 0.02 | M76: Communication, Software Engineering, Research, Python | O76: 55262 | P76: -2.97 | Q76: 0.69 | R76: FALSE | S76: High | T76: 3 | U76: Emerging | V76: FALSE | W76: FALSE | X76: TRUE | Y76: FALSE | Z76: FALSE | AA76: TRUE | AB76: TRUE | AC76: FALSE | AD76: TRUE | AE76: FALSE | AF76: FALSE | AG76: FALSE | AH76: FALSE | AI76: FALSE | AJ76: FALSE | AK76: FALSE | AL76: FALSE | AM76: FALSE
A77: f49a54d4-a091-46d9-b220-2d72e6dad8a2 | B77: 2010 | C77: India | D77: South Asia | E77: Global Technologies | F77: Startup | G77: Healthcare | H77: Business Analyst | I77: Executive | J77: FALSE | L77: 0.13 | M77: Python, Data Analysis, Statistics, Cloud Computing, Project Management | O77: 21454 | P77: 0.21 | Q77: 0.77 | R77: FALSE | S77: Medium | T77: 12 | U77: Emerging | V77: FALSE | W77: TRUE | X77: FALSE | Y77: TRUE | Z77: TRUE | AA77: TRUE | AB77: FALSE | AC77: FALSE | AD77: FALSE | AE77: TRUE | AF77: FALSE | AG77: FALSE | AH77: FALSE | AI77: FALSE | AJ77: FALSE | AK77: FALSE | AL77: FALSE | AM77: FALSE
A78: b0dbc793-88b7-419c-bb34-b08ab2664e71 | B78: 2010 | C78: Australia | D78: Oceania | E78: Future Systems | F78: Medium | G78: Retail | H78: ML Engineer | I78: Executive | J78: FALSE | L78: 0.09 | M78: Project Management, Cloud Computing, Business Analysis, Python | O78: 59064 | P78: 3.46 | Q78: 0.76 | R78: FALSE | S78: Medium | T78: 9 | U78: Emerging | V78: TRUE | W78: TRUE | X78: FALSE | Y78: FALSE | Z78: TRUE | AA78: TRUE | AB78: FALSE | AC78: FALSE | AD78: FALSE | AE78: FALSE | AF78: FALSE | AG78: FALSE | AH78: FALSE | AI78: FALSE | AJ78: FALSE | AK78: FALSE | AL78: FALSE | AM78: FALSE
A79: 0c2ff17b-a3ab-43b0-9129-6fcc86c451d8 | B79: 2010 | C79: New Zealand | D79: Oceania | E79: NextGen Analytics | F79: Medium | G79: Manufacturing | H79: Product Manager | I79: Mid | J79: FALSE | L79: 0 | M79: Data Analysis, Cloud Computing, Communication | O79: 61784 | P79: -0.91 | Q79: 0.86 | R79: FALSE | S79: High | T79: 13 | U79: Emerging | V79: FALSE | W79: TRUE | X79: TRUE | Y79: TRUE | Z79: FALSE | AA79: FALSE | AB79: FALSE | AC79: FALSE | AD79: FALSE | AE79: FALSE | AF79: FALSE | AG79: FALSE | AH79: FALSE | AI79: FALSE | AJ79: FALSE | AK79: FALSE | AL79: FALSE | AM79: FALSE
A80: 39e3c640-5180-43a7-9377-21ff5e18bd97 | B80: 2010 | C80: China | D80: East Asia | E80: NextGen Analytics | F80: Enterprise | G80: Tech | H80: Policy Analyst | I80: Junior | J80: FALSE | L80: 0.03 | M80: SQL, Software Engineering, Statistics, Research | O80: 50875 | P80: 3 | Q80: 0.64 | R80: FALSE | S80: Medium | T80: 5 | U80: Emerging | V80: FALSE | W80: FALSE | X80: FALSE | Y80: FALSE | Z80: FALSE | AA80: FALSE | AB80: TRUE | AC80: TRUE | AD80: TRUE | AE80: TRUE | AF80: FALSE | AG80: FALSE | AH80: FALSE | AI80: FALSE | AJ80: FALSE | AK80: FALSE | AL80: FALSE | AM80: FALSE
A81: 9eecba7a-f59a-49d9-9ebf-3b5d072a5a12 | B81: 2010 | C81: Canada | D81: North America | E81: Prime Solutions | F81: Small | G81: Healthcare | H81: Data Scientist | I81: Executive | J81: FALSE | L81: 0.08 | M81: Cloud Computing, SQL, Statistics | O81: 67030 | P81: -2 | Q81: 0.74 | R81: FALSE | S81: Medium | T81: 12 | U81: Emerging | V81: FALSE | W81: TRUE | X81: FALSE | Y81: FALSE | Z81: FALSE | AA81: FALSE | AB81: FALSE | AC81: TRUE | AD81: FALSE | AE81: TRUE | AF81: FALSE | AG81: FALSE | AH81: FALSE | AI81: FALSE | AJ81: FALSE | AK81: FALSE | AL81: FALSE | AM81: FALSE
A82: 303c3b03-c070-4571-a25c-eca62c0f62f4 | B82: 2010 | C82: France | D82: Europe | E82: Future Analytics | F82: Startup | G82: Finance | H82: Software Engineer | I82: Lead | J82: FALSE | L82: 0.17 | M82: Project Management, Research, Python | O82: 61008 | P82: -4.91 | Q82: 0.68 | R82: FALSE | S82: Low | T82: 10 | U82: Emerging | V82: FALSE | W82: FALSE | X82: FALSE | Y82: FALSE | Z82: TRUE | AA82: TRUE | AB82: TRUE | AC82: FALSE | AD82: FALSE | AE82: FALSE | AF82: FALSE | AG82: FALSE | AH82: FALSE | AI82: FALSE | AJ82: FALSE | AK82: FALSE | AL82: FALSE | AM82: FALSE
A83: 853eb631-c5f6-46e8-864d-9a07f15fcff4 | B83: 2010 | C83: Malaysia | D83: Southeast Asia | E83: Global Analytics | F83: Startup | G83: Tech | H83: Policy Analyst | I83: Senior | J83: FALSE | L83: 0.01 | M83: Research, Statistics, Communication, Software Engineering | O83: 28948 | P83: 0.73 | Q83: 0.79 | R83: FALSE | S83: Low | T83: 12 | U83: Emerging | V83: FALSE | W83: FALSE | X83: TRUE | Y83: FALSE | Z83: FALSE | AA83: FALSE | AB83: TRUE | AC83: FALSE | AD83: TRUE | AE83: TRUE | AF83: FALSE | AG83: FALSE | AH83: FALSE | AI83: FALSE | AJ83: FALSE | AK83: FALSE | AL83: FALSE | AM83: FALSE
A84: 76fc66d8-b85c-40de-9ae1-d111d9507a49 | B84: 2010 | C84: Peru | D84: South America | E84: Prime Analytics | F84: Small | G84: Manufacturing | H84: Business Analyst | I84: Junior | J84: FALSE | L84: 0.19 | M84: Statistics, Python, Software Engineering, Cloud Computing, Project Management | O84: 39247 | P84: 0.29 | Q84: 0.6 | R84: FALSE | S84: High | T84: 16 | U84: Emerging | V84: FALSE | W84: TRUE | X84: FALSE | Y84: FALSE | Z84: TRUE | AA84: TRUE | AB84: FALSE | AC84: FALSE | AD84: TRUE | AE84: TRUE | AF84: FALSE | AG84: FALSE | AH84: FALSE | AI84: FALSE | AJ84: FALSE | AK84: FALSE | AL84: FALSE | AM84: FALSE
A85: 34cefcd1-fa64-4433-bdbc-77302bed8e63 | B85: 2010 | C85: Canada | D85: North America | E85: NextGen Technologies | F85: Medium | G85: Tech | H85: Data Scientist | I85: Intern | J85: TRUE | K85: deep learning | L85: 0.69 | M85: Statistics, Cloud Computing, Communication, Data Analysis, Python, Project Management | N85: deep learning | O85: 92479 | P85: 1.85 | Q85: 0.15 | R85: TRUE | S85: Medium | T85: 16 | U85: Emerging | V85: FALSE | W85: TRUE | X85: TRUE | Y85: TRUE | Z85: TRUE | AA85: TRUE | AB85: FALSE | AC85: FALSE | AD85: FALSE | AE85: TRUE | AF85: FALSE | AG85: FALSE | AH85: FALSE | AI85: FALSE | AJ85: TRUE | AK85: FALSE | AL85: FALSE | AM85: FALSE
A86: 10bdf7fc-a5a2-4b91-a1d2-501fc0d0a195 | B86: 2010 | C86: Vietnam | D86: Southeast Asia | E86: Prime Analytics | F86: Medium | G86: Manufacturing | H86: Software Engineer | I86: Mid | J86: FALSE | L86: 0.1 | M86: Research, Project Management, SQL, Python, Software Engineering, Business Analysis | O86: 29226 | P86: 0.73 | Q86: 0.68 | R86: FALSE | S86: Medium | T86: 11 | U86: Emerging | V86: TRUE | W86: FALSE | X86: FALSE | Y86: FALSE | Z86: TRUE | AA86: TRUE | AB86: TRUE | AC86: TRUE | AD86: TRUE | AE86: FALSE | AF86: FALSE | AG86: FALSE | AH86: FALSE | AI86: FALSE | AJ86: FALSE | AK86: FALSE | AL86: FALSE | AM86: FALSE
A87: 6394b508-7948-48f9-a753-55f264d577ec | B87: 2010 | C87: New Zealand | D87: Oceania | E87: NextGen Analytics | F87: Small | G87: Education | H87: Business Analyst | I87: Intern | J87: FALSE | L87: 0.14 | M87: Business Analysis, Python, Project Management | O87: 62917 | P87: 4.7 | Q87: 0.78 | R87: FALSE | S87: Low | T87: 13 | U87: Emerging | V87: TRUE | W87: FALSE | X87: FALSE | Y87: FALSE | Z87: TRUE | AA87: TRUE | AB87: FALSE | AC87: FALSE | AD87: FALSE | AE87: FALSE | AF87: FALSE | AG87: FALSE | AH87: FALSE | AI87: FALSE | AJ87: FALSE | AK87: FALSE | AL87: FALSE | AM87: FALSE
A88: 95847eb4-bec2-44e5-a79c-21c556c81c45 | B88: 2010 | C88: China | D88: East Asia | E88: Future Analytics | F88: Startup | G88: Tech | H88: Software Engineer | I88: Senior | J88: FALSE | L88: 0.16 | M88: Communication, Software Engineering, Project Management | O88: 48582 | P88: 2.71 | Q88: 0.62 | R88: FALSE | S88: High | T88: 8 | U88: Emerging | V88: FALSE | W88: FALSE | X88: TRUE | Y88: FALSE | Z88: TRUE | AA88: FALSE | AB88: FALSE | AC88: FALSE | AD88: TRUE | AE88: FALSE | AF88: FALSE | AG88: FALSE | AH88: FALSE | AI88: FALSE | AJ88: FALSE | AK88: FALSE | AL88: FALSE | AM88: FALSE
A89: 25f2318c-76e9-4ece-ae63-df34ce403f75 | B89: 2010 | C89: South Korea | D89: East Asia | E89: Global Analytics | F89: Startup | G89: Agriculture | H89: ML Engineer | I89: Senior | J89: FALSE | L89: 0.1 | M89: Communication, Python, Data Analysis, Software Engineering, Cloud Computing, Research | O89: 48155 | P89: -1.66 | Q89: 0.81 | R89: FALSE | S89: High | T89: 4 | U89: Emerging | V89: FALSE | W89: TRUE | X89: TRUE | Y89: TRUE | Z89: FALSE | AA89: TRUE | AB89: TRUE | AC89: FALSE | AD89: TRUE | AE89: FALSE | AF89: FALSE | AG89: FALSE | AH89: FALSE | AI89: FALSE | AJ89: FALSE | AK89: FALSE | AL89: FALSE | AM89: FALSE
A90: 5c4a32c7-0d9c-427b-b046-15507c0f4e62 | B90: 2010 | C90: Japan | D90: East Asia | E90: Prime Analytics | F90: Medium | G90: Healthcare | H90: Software Engineer | I90: Executive | J90: FALSE | L90: 0.07 | M90: SQL, Statistics, Data Analysis, Research | O90: 51994 | P90: -4.82 | Q90: 0.78 | R90: FALSE | S90: Medium | T90: 11 | U90: Emerging | V90: FALSE | W90: FALSE | X90: FALSE | Y90: TRUE | Z90: FALSE | AA90: FALSE | AB90: TRUE | AC90: TRUE | AD90: FALSE | AE90: TRUE | AF90: FALSE | AG90: FALSE | AH90: FALSE | AI90: FALSE | AJ90: FALSE | AK90: FALSE | AL90: FALSE | AM90: FALSE
A91: 50dacf14-475e-494d-a2a6-13e90ea9ccad | B91: 2010 | C91: Israel | D91: Middle East | E91: NextGen Technologies | F91: Startup | G91: Government | H91: Product Manager | I91: Executive | J91: FALSE | L91: 0.09 | M91: Cloud Computing, Statistics, Data Analysis, Python, Software Engineering | O91: 54489 | P91: 3.5 | Q91: 0.69 | R91: FALSE | S91: High | T91: 11 | U91: Emerging | V91: FALSE | W91: TRUE | X91: FALSE | Y91: TRUE | Z91: FALSE | AA91: TRUE | AB91: FALSE | AC91: FALSE | AD91: TRUE | AE91: TRUE | AF91: FALSE | AG91: FALSE | AH91: FALSE | AI91: FALSE | AJ91: FALSE | AK91: FALSE | AL91: FALSE | AM91: FALSE
A92: 9e2ebc0c-d5ce-4fee-aa07-f80ba7c0bf76 | B92: 2010 | C92: Colombia | D92: South America | E92: Global Solutions | F92: Enterprise | G92: Agriculture | H92: ML Engineer | I92: Junior | J92: FALSE | L92: 0.17 | M92: Project Management, Communication, Business Analysis | O92: 39913 | P92: 0.7 | Q92: 0.87 | R92: FALSE | S92: High | T92: 16 | U92: Emerging | V92: TRUE | W92: FALSE | X92: TRUE | Y92: FALSE | Z92: TRUE | AA92: FALSE | AB92: FALSE | AC92: FALSE | AD92: FALSE | AE92: FALSE | AF92: FALSE | AG92: FALSE | AH92: FALSE | AI92: FALSE | AJ92: FALSE | AK92: FALSE | AL92: FALSE | AM92: FALSE
A93: 7dfec671-5bee-4c3f-8896-3e0ac50a9641 | B93: 2010 | C93: China | D93: East Asia | E93: NextGen Systems | F93: Small | G93: Agriculture | H93: Operations Manager | I93: Mid | J93: FALSE | L93: 0.09 | M93: SQL, Communication, Project Management, Statistics, Cloud Computing, Business Analysis | O93: 59097 | P93: -3.7 | Q93: 0.75 | R93: FALSE | S93: High | T93: 15 | U93: Emerging | V93: TRUE | W93: TRUE | X93: TRUE | Y93: FALSE | Z93: TRUE | AA93: FALSE | AB93: FALSE | AC93: TRUE | AD93: FALSE | AE93: TRUE | AF93: FALSE | AG93: FALSE | AH93: FALSE | AI93: FALSE | AJ93: FALSE | AK93: FALSE | AL93: FALSE | AM93: FALSE
A94: 7d496db5-eb82-4a30-b3d9-b538e472f55d | B94: 2010 | C94: Nigeria | D94: Africa | E94: Future Solutions | F94: Large | G94: Tech | H94: Software Engineer | I94: Intern | J94: TRUE | K94: MLOps, reinforcement learning, NLP | L94: 0.83 | M94: Business Analysis, Data Analysis, Communication, SQL, Project Management, Research | N94: MLOps, reinforcement learning, NLP | O94: 23783 | P94: 1.84 | Q94: 0.29 | R94: TRUE | S94: Medium | T94: 7 | U94: Emerging | V94: TRUE | W94: FALSE | X94: TRUE | Y94: TRUE | Z94: TRUE | AA94: FALSE | AB94: TRUE | AC94: TRUE | AD94: FALSE | AE94: FALSE | AF94: FALSE | AG94: TRUE | AH94: TRUE | AI94: FALSE | AJ94: FALSE | AK94: FALSE | AL94: FALSE | AM94: TRUE
A95: 43f26636-7d78-4120-b9fa-609508cccc71 | B95: 2010 | C95: India | D95: South Asia | E95: Future Solutions | F95: Enterprise | G95: Government | H95: Data Scientist | I95: Junior | J95: FALSE | L95: 0.08 | M95: Business Analysis, Statistics, Data Analysis, Cloud Computing | O95: 17940 | P95: -3.09 | Q95: 0.81 | R95: FALSE | S95: Medium | T95: 1 | U95: Emerging | V95: TRUE | W95: TRUE | X95: FALSE | Y95: TRUE | Z95: FALSE | AA95: FALSE | AB95: FALSE | AC95: FALSE | AD95: FALSE | AE95: TRUE | AF95: FALSE | AG95: FALSE | AH95: FALSE | AI95: FALSE | AJ95: FALSE | AK95: FALSE | AL95: FALSE | AM95: FALSE
A96: a6c87cbe-e0c5-44d6-a90a-336f70005c66 | B96: 2010 | C96: Taiwan | D96: East Asia | E96: Global Analytics | F96: Medium | G96: Finance | H96: Systems Engineer | I96: Lead | J96: FALSE | L96: 0.03 | M96: Data Analysis, SQL, Business Analysis, Research, Statistics, Python | O96: 47670 | P96: 0.84 | Q96: 0.66 | R96: FALSE | S96: High | T96: 6 | U96: Emerging | V96: TRUE | W96: FALSE | X96: FALSE | Y96: TRUE | Z96: FALSE | AA96: TRUE | AB96: TRUE | AC96: TRUE | AD96: FALSE | AE96: TRUE | AF96: FALSE | AG96: FALSE | AH96: FALSE | AI96: FALSE | AJ96: FALSE | AK96: FALSE | AL96: FALSE | AM96: FALSE
A97: 6c85ae7d-6d4a-4690-aeda-131c4de90332 | B97: 2010 | C97: Argentina | D97: South America | E97: Prime Systems | F97: Enterprise | G97: Government | H97: Product Manager | I97: Executive | J97: FALSE | L97: 0.11 | M97: Statistics, Research, Communication, Cloud Computing, Project Management | O97: 34876 | P97: 2.58 | Q97: 0.61 | R97: FALSE | S97: Medium | T97: 7 | U97: Emerging | V97: FALSE | W97: TRUE | X97: TRUE | Y97: FALSE | Z97: TRUE | AA97: FALSE | AB97: TRUE | AC97: FALSE | AD97: FALSE | AE97: TRUE | AF97: FALSE | AG97: FALSE | AH97: FALSE | AI97: FALSE | AJ97: FALSE | AK97: FALSE | AL97: FALSE | AM97: FALSE
A98: 6d4b4c9d-59cb-4710-993a-e7d6d0620645 | B98: 2010 | C98: Canada | D98: North America | E98: Future Solutions | F98: Small | G98: Finance | H98: Systems Engineer | I98: Intern | J98: FALSE | L98: 0.16 | M98: SQL, Cloud Computing, Software Engineering, Business Analysis, Project Management, Data Analysis | O98: 59981 | P98: 3.87 | Q98: 0.67 | R98: FALSE | S98: Low | T98: 15 | U98: Emerging | V98: TRUE | W98: TRUE | X98: FALSE | Y98: TRUE | Z98: TRUE | AA98: FALSE | AB98: FALSE | AC98: TRUE | AD98: TRUE | AE98: FALSE | AF98: FALSE | AG98: FALSE | AH98: FALSE | AI98: FALSE | AJ98: FALSE | AK98: FALSE | AL98: FALSE | AM98: FALSE
A99: 3f92d2b4-78bc-4044-a6e5-e59ed6f426a1 | B99: 2010 | C99: Chile | D99: South America | E99: NextGen Technologies | F99: Enterprise | G99: Tech | H99: Business Analyst | I99: Junior | J99: FALSE | L99: 0.18 | M99: Business Analysis, Statistics, Software Engineering | O99: 32630 | P99: -4.51 | Q99: 0.73 | R99: FALSE | S99: Medium | T99: 9 | U99: Emerging | V99: TRUE | W99: FALSE | X99: FALSE | Y99: FALSE | Z99: FALSE | AA99: FALSE | AB99: FALSE | AC99: FALSE | AD99: TRUE | AE99: TRUE | AF99: FALSE | AG99: FALSE | AH99: FALSE | AI99: FALSE | AJ99: FALSE | AK99: FALSE | AL99: FALSE | AM99: FALSE
A100: 2015a33c-4e46-4fab-bdb0-d9813a3466e7 | B100: 2010 | C100: Taiwan | D100: East Asia | E100: NextGen Analytics | F100: Small | G100: Government | H100: Policy Analyst | I100: Mid | J100: FALSE | L100: 0.15 | M100: Cloud Computing, SQL, Software Engineering, Project Management, Python | O100: 53570 | P100: -1.96 | Q100: 0.83 | R100: FALSE | S100: High | T100: 0 | U100: Emerging | V100: FALSE | W100: TRUE | X100: FALSE | Y100: FALSE | Z100: TRUE | AA100: TRUE | AB100: FALSE | AC100: TRUE | AD100: TRUE | AE100: FALSE | AF100: FALSE | AG100: FALSE | AH100: FALSE | AI100: FALSE | AJ100: FALSE | AK100: FALSE | AL100: FALSE | AM100: FALSE
A101: 4b392042-b2a6-4e75-9f0f-8bdb567db1cc | B101: 2010 | C101: Singapore | D101: Southeast Asia | E101: Prime Analytics | F101: Enterprise | G101: Agriculture | H101: Business Analyst | I101: Senior | J101: TRUE | K101: NLP, computer vision, reinforcement learning | L101: 0.61 | M101: Software Engineering, Business Analysis, SQL, Statistics, Research | N101: NLP, computer vision, reinforcement learning | O101: 35708 | P101: -2 | Q101: 0.34 | R101: TRUE | S101: Low | T101: 13 | U101: Emerging | V101: TRUE | W101: FALSE | X101: FALSE | Y101: FALSE | Z101: FALSE | AA101: FALSE | AB101: TRUE | AC101: TRUE | AD101: TRUE | AE101: TRUE | AF101: FALSE | AG101: FALSE | AH101: TRUE | AI101: TRUE | AJ101: FALSE | AK101: FALSE | AL101: FALSE | AM101: TRUE
A102: c30c5a1c-45a0-4120-86e9-2add42953812 | B102: 2010 | C102: Taiwan | D102: East Asia | E102: Prime Solutions | F102: Startup | G102: Finance | H102: Policy Analyst | I102: Executive | J102: FALSE | L102: 0.15 | M102: Research, Business Analysis, SQL, Statistics, Cloud Computing | O102: 59815 | P102: -1.97 | Q102: 0.69 | R102: FALSE | S102: High | T102: 16 | U102: Emerging | V102: TRUE | W102: TRUE | X102: FALSE | Y102: FALSE | Z102: FALSE | AA102: FALSE | AB102: TRUE | AC102: TRUE | AD102: FALSE | AE102: TRUE | AF102: FALSE | AG102: FALSE | AH102: FALSE | AI102: FALSE | AJ102: FALSE | AK102: FALSE | AL102: FALSE | AM102: FALSE
...

Sheet Fact_JobPosting
A1: Job_Key | B1: JobDisp_key | C1: AI Level_Key | D1: IndustryAi_Key | E1: SeniorityLevel_Key | F1: JobTitle_Key | G1: Industry_Key | H1: Company_Key | I1: Geo_Key | J1: Year_Key | K1: job_id | L1: posting_year | M1: Column1 | N1: ai_mentioned | O1: ai_intensity_score | P1: salary_usd | Q1: salary_change_vs_prev_year_percent | R1: ai_job_displacement_risk_score
A2: 1 | B2: 1 | C2: 1 | D2: 1 | E2: 1 | F2: 1 | G2: 3 | H2: 1 | I2: 1 | J2: 0 | K2: 87e6f4f5-16ce-4479-9ce4-6d3973e37e11 | L2: 2010 | M2: =IF(Fact_JobPosting[[#This Row],[ai_mentioned]]=1,"AI Jobs","Non AI Jobs") -> Non AI Jobs | N2: 0 | O2: 0.01 | P2: 31284 | Q2: -3.64 | R2: 0.74
A3: 2 | B3: 1 | C3: 1 | D3: 1 | E3: 1 | F3: 4 | G3: 5 | H3: 8 | I3: 4 | J3: 0 | K3: c14573ab-bda8-4a12-a65d-9a908b9345c1 | L3: 2010 | M3: =IF(Fact_JobPosting[[#This Row],[ai_mentioned]]=1,"AI Jobs","Non AI Jobs") -> Non AI Jobs | N3: 0 | O3: 0.08 | P3: 31890 | Q3: 0.02 | R3: 0.78
A4: 3 | B4: 1 | C4: 1 | D4: 1 | E4: 2 | F4: 3 | G4: 7 | H4: 6 | I4: 3 | J4: 0 | K4: af0a8661-6ad5-4679-9166-596671dabb4e | L4: 2010 | M4: =IF(Fact_JobPosting[[#This Row],[ai_mentioned]]=1,"AI Jobs","Non AI Jobs") -> Non AI Jobs | N4: 0 | O4: 0.11 | P4: 21791 | Q4: -3.9 | R4: 0.86
A5: 4 | B5: 2 | C5: 1 | D5: 1 | E5: 2 | F5: 2 | G5: 1 | H5: 15 | I5: 2 | J5: 0 | K5: c41a9305-8dd1-4716-8953-2be6a0f256d7 | L5: 2010 | M5: =IF(Fact_JobPosting[[#This Row],[ai_mentioned]]=1,"AI Jobs","Non AI Jobs") -> Non AI Jobs | N5: 0 | O5: 0.19 | P5: 60960 | Q5: 1.97 | R5: 0.64
A6: 5 | B6: 1 | C6: 1 | D6: 1 | E6: 3 | F6: 3 | G6: 9 | H6: 5 | I6: 4 | J6: 0 | K6: 9fc686af-ef4a-4cd5-ad8b-707ccf244cdf | L6: 2010 | M6: =IF(Fact_JobPosting[[#This Row],[ai_mentioned]]=1,"AI Jobs","Non AI Jobs") -> Non AI Jobs | N6: 0 | O6: 0.09 | P6: 33771 | Q6: -3.5 | R6: 0.88
A7: 6 | B7: 2 | C7: 1 | D7: 1 | E7: 2 | F7: 3 | G7: 2 | H7: 9 | I7: 5 | J7: 0 | K7: e81fff60-4d14-4bb3-b4d2-98375f1333ef | L7: 2010 | M7: =IF(Fact_JobPosting[[#This Row],[ai_mentioned]]=1,"AI Jobs","Non AI Jobs") -> Non AI Jobs | N7: 0 | O7: 0.02 | P7: 22997 | Q7: -0.21 | R7: 0.67
A8: 7 | B8: 2 | C8: 1 | D8: 1 | E8: 3 | F8: 4 | G8: 2 | H8: 9 | I8: 6 | J8: 0 | K8: f7a45b96-b8a4-4ece-8afa-937a6995ab0c | L8: 2010 | M8: =IF(Fact_JobPosting[[#This Row],[ai_mentioned]]=1,"AI Jobs","Non AI Jobs") -> Non AI Jobs | N8: 0 | O8: 0.16 | P8: 65776 | Q8: 4.29 | R8: 0.69
A9: 8 | B9: 1 | C9: 1 | D9: 1 | E9: 1 | F9: 5 | G9: 7 | H9: 9 | I9: 7 | J9: 0 | K9: aa7e6587-7a35-4c1c-a895-e8c5d6fd938a | L9: 2010 | M9: =IF(Fact_JobPosting[[#This Row],[ai_mentioned]]=1,"AI Jobs","Non AI Jobs") -> Non AI Jobs | N9: 0 | O9: 0.02 | P9: 22406 | Q9: 4.05 | R9: 0.89
A10: 9 | B10: 1 | C10: 1 | D10: 1 | E10: 4 | F10: 6 | G10: 1 | H10: 7 | I10: 8 | J10: 0 | K10: 96d96af4-e6ec-4b53-aeaa-25001ab1f9a7 | L10: 2010 | M10: =IF(Fact_JobPosting[[#This Row],[ai_mentioned]]=1,"AI Jobs","Non AI Jobs") -> Non AI Jobs | N10: 0 | O10: 0.14 | P10: 19577 | Q10: -1.25 | R10: 0.79
A11: 10 | B11: 1 | C11: 1 | D11: 1 | E11: 2 | F11: 2 | G11: 6 | H11: 2 | I11: 9 | J11: 0 | K11: b290f526-b029-423d-a2ff-2d0619490a99 | L11: 2010 | M11: =IF(Fact_JobPosting[[#This Row],[ai_mentioned]]=1,"AI Jobs","Non AI Jobs") -> Non AI Jobs | N11: 0 | O11: 0.17 | P11: 66649 | Q11: -4.25 | R11: 0.75
A12: 11 | B12: 1 | C12: 1 | D12: 1 | E12: 3 | F12: 7 | G12: 1 | H12: 9 | I12: 10 | J12: 0 | K12: d70a7945-a010-41af-9c2e-f0ea6b954937 | L12: 2010 | M12: =IF(Fact_JobPosting[[#This Row],[ai_mentioned]]=1,"AI Jobs","Non AI Jobs") -> Non AI Jobs | N12: 0 | O12: 0.08 | P12: 63813 | Q12: 3.04 | R12: 0.72
A13: 12 | B13: 1 | C13: 1 | D13: 1 | E13: 3 | F13: 7 | G13: 2 | H13: 1 | I13: 11 | J13: 0 | K13: 87735b8c-0174-4f63-bee3-4a465c845e0e | L13: 2010 | M13: =IF(Fact_JobPosting[[#This Row],[ai_mentioned]]=1,"AI Jobs","Non AI Jobs") -> Non AI Jobs | N13: 0 | O13: 0.07 | P13: 20676 | Q13: -2.4 | R13: 0.76
... A5001: 5000 | B5001: 3 | C5001: 3 | D5001: 2 | E5001: 3 | F5001: 5 | G5001: 8 | H5001: 12 | I5001: 3 | J5001: 15 | K5001: ff148884-e18a-4a5a-b899-241eebf32b99 | L5001: 2025 | M5001: =IF(Fact_JobPosting[[#This Row],[ai_mentioned]]=1,"AI Jobs","Non AI Jobs") -> AI Jobs | N5001: 1 | O5001: 0.53 | P5001: 37739 | Q5001: 8.25 | R5001: 0.38

Sheet Dim_Year
A1: Year_Key | B1: posting_year | C1: AI_Period
A2: 0 | B2: 2010 | C2: Pre-AI
A3: 1 | B3: 2011 | C3: Pre-AI
A4: 2 | B4: 2012 | C4: Pre-AI
A5: 3 | B5: 2013 | C5: Pre-AI
A6: 4 | B6: 2014 | C6: Pre-AI
A7: 5 | B7: 2015 | C7: Pre-AI
A8: 6 | B8: 2016 | C8: Early AI
A9: 7 | B9: 2017 | C9: Early AI
A10: 8 | B10: 2018 | C10: Early AI
A11: 9 | B11: 2019 | C11: Early AI
A12: 10 | B12: 2020 | C12: Early AI
A13: 11 | B13: 2021 | C13: Early AI
... A17: 15 | B17: 2025 | C17: Modern AI

Sheet Dim_Geography
A1: Geo_Key | B1: country | C1: region
A2: 1 | B2: Indonesia | C2: Southeast Asia
A3: 2 | B3: Italy | C3: Europe
A4: 3 | B4: Pakistan | C4: South Asia
A5: 4 | B5: Argentina | C5: South America
A6: 5 | B6: Bangladesh | C6: South Asia
A7: 6 | B7: Netherlands | C7: Europe
A8: 7 | B8: Sri Lanka | C8: South Asia
A9: 8 | B9: Morocco | C9: Africa
A10: 9 | B10: United Kingdom | C10: Europe
A11: 10 | B11: Mexico | C11: North America
A12: 11 | B12: India | C12: South Asia
A13: 12 | B13: Vietnam | C13: Southeast Asia
... A45: 44 | B45: Egypt | C45: Africa

Sheet Dim_Company
A1: Company_Key | B1: company_name | C1: company_group
A2: 1 | B2: Future Analytics | C2: Future
A3: 2 | B3: Future Solutions | C3: Future
A4: 3 | B4: Future Systems | C4: Future
A5: 4 | B5: Future Technologies | C5: Future
A6: 5 | B6: Global Analytics | C6: Global
A7: 6 | B7: Global Solutions | C7: Global
A8: 7 | B8: Global Systems | C8: Global
A9: 8 | B9: Global Technologies | C9: Global
A10: 9 | B10: NextGen Analytics | C10: NextGen
A11: 10 | B11: NextGen Solutions | C11: NextGen
A12: 11 | B12: NextGen Systems | C12: NextGen
A13: 12 | B13: NextGen Technologies | C13: NextGen
... A17: 16 | B17: Prime Technologies | C17: Prime

Sheet Dim_Industry
A1: Industry_Key | B1: industry
A2: 1 | B2: Agriculture
A3: 2 | B3: Education
A4: 3 | B4: Energy
A5: 4 | B5: Finance
A6: 5 | B6: Government
A7: 6 | B7: Healthcare
A8: 7 | B8: Manufacturing
A9: 8 | B9: Retail
A10: 9 | B10: Tech

Sheet Dim_IndustryAI
A1: IndustryAi_Key | B1: industry_ai_adoption_stage
A2: 1 | B2: Emerging
A3: 2 | B3: Growing
A4: 3 | B4: Mature

Sheet Dim_JobTitle
A1: JobTitle_Key | B1: job_title
A2: 1 | B2: Product Manager
A3: 2 | B3: Data Scientist
A4: 3 | B4: AI Researcher
A5: 4 | B5: Policy Analyst
A6: 5 | B6: ML Engineer
A7: 6 | B7: Software Engineer
A8: 7 | B8: Research Scientist
A9: 8 | B9: Business Analyst
A10: 9 | B10: Systems Engineer
A11: 10 | B11: Operations Manager

Sheet Dim_JobDisplacement
A1: JobDisp_key | B1: ai_job_displacement_risk_level
A2: 1 | B2: High Risk
A3: 2 | B3: Medium Risk
A4: 3 | B4: Low Risk

Sheet Dim_SeniorityLevel
A1: SeniorityLevel_Key | B1: seniority_level
A2: 1 | B2: Junior
A3: 2 | B3: Lead
A4: 3 | B4: Mid
A5: 4 | B5: Executive
A6: 5 | B6: Intern
A7: 6 | B7: Senior

Sheet Dim_Skill
A1: Skill_Key | B1: Skill_Name | C1: Skill_Type
A2: 1 | B2: Business Analysis | C2: Core
A3: 2 | B3: Cloud Computing | C3: Core
A4: 3 | B4: Communication | C4: Core
A5: 4 | B5: Data Analysis | C5: Core
A6: 5 | B6: Project Management | C6: Core
A7: 6 | B7: Python | C7: Core
A8: 7 | B8: Research | C8: Core
A9: 8 | B9: SQL | C9: Core
A10: 9 | B10: Software Engineering | C10: Core
A11: 10 | B11: Statistics | C11: Core
A12: 11 | B12: LLMs | C12: AI
A13: 12 | B13: MLOps | C13: AI
... A19: 18 | B19: reinforcement learning | C19: AI

Sheet Dim_AI Level
A1: AI Level_Key | B1: ai_intensity_level
A2: 1 | B2: Low
A3: 2 | B3: High
A4: 3 | B4: Medium

Sheet Bridge Skill_JobPosting
A1: Job_Key | B1: Skill_Key
A2: 1 | B2: 1
A3: 2 | B3: 1
A4: 1 | B4: 3
A5: 3 | B5: 3
A6: 4 | B6: 3
A7: 3 | B7: 2
A8: 1 | B8: 4
A9: 2 | B9: 4
A10: 3 | B10: 4
A11: 4 | B11: 4
A12: 1 | B12: 5
A13: 1 | B13: 9
... A26589: 5000 | B26589: 17

Sheet Pivots & Slicers
A1: Row Labels | B1: Distinct Count of job_id | D1: Row Labels | E1: Distinct Count of job_id
A2: AI Jobs | B2: 1623 | D2: Low Risk | E2: 1596
A3: Non AI Jobs | B3: 3377 | D3: Medium Risk | E3: 1112
A4: Grand Total | B4: 5000 | D4: High Risk | E4: 2292
D5: Grand Total | E5: 5000
A9: Row Labels | B9: Average of salary_usd | D9: Row Labels | E9: Average of salary_usd
A10: AI Jobs | B10: 83846.34 | D10: 0 | E10: 48264.079 | G10: 0 | H10: 48264.079 | J10: Row Labels | K10: Average of salary_usd | O10: Row Labels | P10: Average of salary_usd | R10: Row Labels | S10: Average of salary_usd | U10: Row Labels | V10: Average of salary_usd | X10: Row Labels | Y10: Average of salary_usd | AA10: Row Labels | AB10: Average of salary_usd
A11: Non AI Jobs | B11: 53123.575 | D11: 0.01 | E11: 52928.651 | G11: 0.01 | H11: 52928.651 | J11: Agriculture | K11: 61125.025 | O11: Intern | P11: 62313.945 | R11: Research Scientist | S11: 60502.438 | U11: Prime | V11: 62234.155 | X11: Africa | Y11: 25192.461 | AA11: Nigeria | AB11: 24579.54 | AD11: Nigeria | AE11: 24579.54 | AG11: Australia | AH11: 90815.922
D12: 0.02 | E12: 54085.736 | G12: 0.02 | H12: 54085.736 | J12: Retail | K12: 61822.22 | O12: Junior | P12: 63495.569 | R12: AI Researcher | S12: 61766.088 | U12: Global | V12: 62720.531 | X12: South Asia | Y12: 27888.041 | AA12: Egypt | AB12: 25031.931 | AD12: Egypt | AE12: 25031.931 | AG12: New Zealand | AH12: 92967.753
D13: 0.03 | E13: 54101.638 | G13: 0.03 | H13: 54101.638 | J13: Education | K13: 62098.826 | O13: Senior | P13: 65839.88 | R13: Policy Analyst | S13: 61935.685 | U13: NextGen | V13: 62739.074 | X13: Southeast Asia | Y13: 42078.743 | AA13: Morocco | AB13: 25118.612 | AD13: Morocco | AE13: 25118.612 | AG13: United States | AH13: 97374.498
D14: 0.04 | E14: 52400.554 | G14: 0.04 | H14: 52400.554 | J14: Healthcare | K14: 62502.043 | O14: Lead | P14: 62494.327 | R14: Systems Engineer | S14: 62466.634 | U14: Future | V14: 64643.614 | X14: South America | Y14: 49145.045 | AA14: South Africa | AB14: 25266.475 | AD14: South Africa | AE14: 25266.475 | AG14: Mexico | AH14: 100554.45
D15: 0.05 | E15: 52478.678 | G15: 0.05 | H15: 52478.678 | J15: Energy | K15: 62725.852 | O15: Executive | P15: 61408.993 | R15: Product Manager | S15: 62787.057 | X15: Middle East | Y15: 69679.214 | AA15: Kenya | AB15: 25412.182 | AD15: Kenya | AE15: 25412.182 | AG15: Canada | AH15: 101280.23
D16: 0.06 | E16: 52964.225 | G16: 0.06 | H16: 52964.225 | J16: Manufacturing | K16: 62882.091 | O16: Mid | P16: 62987.61 | R16: Business Analyst | S16: 63349.838 | X16: East Asia | Y16: 76910.589 | AA16: Ghana | AB16: 25732.129 | AD16: Ghana | AE16: 25732.129
D17: 0.07 | E17: 54668.69 | G17: 0.07 | H17: 54668.69 | J17: Government | K17: 63088.815 | R17: Software Engineer | S17: 63890.99 | X17: Europe | Y17: 82624.719 | AA17: Bangladesh | AB17: 27084.33 | AD17: Bangladesh | AE17: 27084.33
D18: 0.08 | E18: 53117.144 | G18: 0.08 | H18: 53117.144 | J18: Finance | K18: 65276.938 | R18: Operations Manager | S18: 64642.131 | X18: Oceania | Y18: 91839.647 | AA18: Sri Lanka | AB18: 27609.812 | AD18: Sri Lanka | AE18: 27609.812
D19: 0.09 | E19: 52727.924 | G19: 0.09 | H19: 52727.924 | J19: Tech | K19: 66262.012 | R19: Data Scientist | S19: 64735.481 | X19: North America | Y19: 99658.754 | AA19: Pakistan | AB19: 28073.4 | AD19: Pakistan | AE19: 28073.4
D20: 0.1 | E20: 48549.699 | G20: 0.1 | H20: 48549.699 | R20: ML Engineer | S20: 64748.409 | AA20: India | AB20: 28247.242 | AD20: India | AE20: 28247.242
D21: 0.11 | E21: 55955.641 | G21: 0.11 | H21: 55955.641 | AA21: Nepal | AB21: 28366.929 | AD21: Nepal | AE21: 28366.929
D22: 0.12 | E22: 57101.681 | G22: 0.12 | H22: 57101.681 | AA22: Philippines | AB22: 39303.959 | AD22: Philippines | AE22: 39303.959
D23: 0.13 | E23: 51175.601 | G23: 0.13 | H23: 51175.601 | AA23: Thailand | AB23: 41983.881 | AD23: Thailand | AE23: 41983.881
D24: 0.14 | E24: 53133.267 | G24: 0.14 | H24: 53133.267 | J24: Row Labels | K24: Average of ai_intensity_score | AA24: Malaysia | AB24: 42328.851 | AD24: Malaysia | AE24: 42328.851
D25: 0.15 | E25: 53743.026 | G25: 0.15 | H25: 53743.026 | J25: Healthcare | K25: 0.256 | AA25: Vietnam | AB25: 42337.711 | AD25: Vietnam | AE25: 42337.711
D26: 0.16 | E26: 55328.05 | G26: 0.16 | H26: 55328.05 | J26: Manufacturing | K26: 0.2578185 | AA26: Singapore | AB26: 43317.494 | AD26: Singapore | AE26: 43317.494
D27: 0.17 | E27: 53675.669 | G27: 0.17 | H27: 53675.669 | J27: Agriculture | K27: 0.25947276 | AA27: Indonesia | AB27: 43503.172 | AD27: Indonesia | AE27: 43503.172
D28: 0.18 | E28: 49278.89 | G28: 0.18 | H28: 49278.89 | J28: Government | K28: 0.26467033 | AA28: Peru | AB28: 46938.3 | AD28: Peru | AE28: 46938.3
D29: 0.19 | E29: 54504.739 | G29: 0.19 | H29: 54504.739 | J29: Education | K29: 0.26676636 | AA29: Brazil | AB29: 48475.361 | AD29: Brazil | AE29: 48475.361
D30: 0.2 | E30: 52503.558 | G30: 0.2 | H30: 52503.558 | J30: Energy | K30: 0.2752682 | AA30: Argentina | AB30: 49177.031 | AD30: Argentina | AE30: 49177.031
D31: 0.4 | E31: 75629.2 | G31: 0.4 | H31: 75629.2 | J31: Retail | K31: 0.27975309 | AA31: Colombia | AB31: 49586.511 | AD31: Colombia | AE31: 49586.511
D32: 0.41 | E32: 93897.31 | G32: 0.41 | H32: 93897.31 | J32: Tech | K32: 0.35841105 | AA32: Chile | AB32: 51133.908 | AD32: Chile | AE32: 51133.908
D33: 0.42 | E33: 85982.136 | G33: 0.42 | H33: 85982.136 | J33: Finance | K33: 0.36570128 | AA33: UAE | AB33: 68625.829 | AD33: UAE | AE33: 68625.829
D34: 0.43 | E34: 89679.974 | G34: 0.43 | H34: 89679.974 | AA34: Saudi Arabia | AB34: 68979.232 | AD34: Saudi Arabia | AE34: 68979.232
D35: 0.44 | E35: 72741.455 | G35: 0.44 | H35: 72741.455 | AA35: Qatar | AB35: 69704.356 | AD35: Qatar | AE35: 69704.356
D36: 0.45 | E36: 88111.744 | G36: 0.45 | H36: 88111.744 | AA36: Israel | AB36: 70108.104 | AD36: Israel | AE36: 70108.104
D37: 0.46 | E37: 86814.7 | G37: 0.46 | H37: 86814.7 | J37: Distinct Count of job_id | K37: Column Labels | AA37: Jordan | AB37: 71506.933 | AD37: Jordan | AE37: 71506.933
D38: 0.47 | E38: 85051.345 | G38: 0.47 | H38: 85051.345 | J38: Row Labels | K38: Emerging | L38: Growing | M38: Mature | AA38: South Korea | AB38: 75592.292 | AD38: South Korea | AE38: 75592.292
D39: 0.48 | E39: 81106.345 | G39: 0.48 | H39: 81106.345 | J39: Retail | K39: 238 | L39: 329 | AA39: Taiwan | AB39: 76108.541 | AD39: Taiwan | AE39: 76108.541
D40: 0.49 | E40: 92595.571 | G40: 0.49 | H40: 92595.571 | J40: Agriculture | K40: 245 | L40: 324 | AA40: China | AB40: 77384.847 | AD40: China | AE40: 77384.847
D41: 0.5 | E41: 90394.1 | G41: 0.5 | H41: 90394.1 | J41: Education | K41: 222 | L41: 313 | AA41: Japan | AB41: 78605.739 | AD41: Japan | AE41: 78605.739
D42: 0.51 | E42: 95100.3 | G42: 0.51 | H42: 95100.3 | J42: Energy | K42: 242 | L42: 280 | AA42: Sweden | AB42: 80408.026 | AD42: Sweden | AE42: 80408.026
D43: 0.52 | E43: 91731.583 | G43: 0.52 | H43: 91731.583 | J43: Finance | K43: 248 | L43: 167 | M43: 134 | AA43: United Kingdom | AB43: 80833.3 | AD43: United Kingdom | AE43: 80833.3
D44: 0.53 | E44: 73855.414 | G44: 0.53 | H44: 73855.414 | J44: Government | K44: 245 | L44: 301 | AA44: Poland | AB44: 81304.952 | AD44: Poland | AE44: 81304.952
D45: 0.54 | E45: 80527.778 | G45: 0.54 | H45: 80527.778 | J45: Healthcare | K45: 257 | L45: 303 | AA45: Germany | AB45: 82469.062 | AD45: Germany | AE45: 82469.062
D46: 0.55 | E46: 88981.129 | G46: 0.55 | H46: 88981.129 | J46: Manufacturing | K46: 247 | L46: 326 | AA46: France | AB46: 83003.736 | AD46: France | AE46: 83003.736
D47: 0.56 | E47: 74025.25 | G47: 0.56 | H47: 74025.25 | J47: Tech | K47: 252 | L47: 159 | M47: 168 | AA47: Italy | AB47: 83636.424 | AD47: Italy | AE47: 83636.424
D48: 0.57 | E48: 87853.52 | G48: 0.57 | H48: 87853.52 | AA48: Spain | AB48: 84467.103 | AD48: Spain | AE48: 84467.103
D49: 0.58 | E49: 76761.476 | G49: 0.58 | H49: 76761.476 | AA49: Netherlands | AB49: 85358.347 | AD49: Netherlands | AE49: 85358.347
D50: 0.59 | E50: 88153.921 | G50: 0.59 | H50: 88153.921 | AA50: Australia | AB50: 90815.922 | AD50: Australia | AE50: 90815.922
D51: 0.6 | E51: 90516.773 | G51: 0.6 | H51: 90516.773 | AA51: New Zealand | AB51: 92967.753 | AD51: New Zealand | AE51: 92967.753
D52: 0.61 | E52: 79098.538 | G52: 0.61 | H52: 79098.538 | AA52: United States | AB52: 97374.498 | AD52: United States | AE52: 97374.498
D53: 0.62 | E53: 82229.103 | G53: 0.62 | H53: 82229.103 | AA53: Mexico | AB53: 100554.45 | AD53: Mexico | AE53: 100554.45
D54: 0.63 | E54: 81094.242 | G54: 0.63 | H54: 81094.242 | AA54: Canada | AB54: 101280.23 | AD54: Canada | AE54: 101280.23
D55: 0.64 | E55: 87437.542 | G55: 0.64 | H55: 87437.542
D56: 0.65 | E56: 88275.743 | G56: 0.65 | H56: 88275.743
D57: 0.66 | E57: 85664.828 | G57: 0.66 | H57: 85664.828
D58: 0.67 | E58: 90023.12 | G58: 0.67 | H58: 90023.12
D59: 0.68 | E59: 86915.333 | G59: 0.68 | H59: 86915.333
D60: 0.69 | E60: 80825.478 | G60: 0.69 | H60: 80825.478
D61: 0.7 | E61: 72636.435 | G61: 0.7 | H61: 72636.435
D62: 0.71 | E62: 81873.276 | G62: 0.71 | H62: 81873.276
D63: 0.72 | E63: 76462.769 | G63: 0.72 | H63: 76462.769
D64: 0.73 | E64: 96903.48 | G64: 0.73 | H64: 96903.48
D65: 0.74 | E65: 85040.192 | G65: 0.74 | H65: 85040.192
D66: 0.75 | E66: 72921.08 | G66: 0.75 | H66: 72921.08
... D86: 0.95 | E86: 90713.435 | G86: 0.95 | H86: 90713.435
A90: Row Labels | B90: Distinct Job Count | D90: Row Labels | E90: Avg Salary by Skill | G90: Distinct Job Count | H90: Column Labels | K90: Avg Salary by Skill | L90: Column Labels | O90: Avg Salary Change by Skill | P90: Column Labels
A91: AI | D91: AI | G91: Row Labels | H91: AI | I91: Core | K91: Row Labels | L91: AI | M91: Core | O91: Row Labels | P91: AI | Q91: Core
A92: LLMs | B92: 305 | D92: NLP | E92: 82871.227 | G92: Early AI | K92: Pre-AI | O92: Pre-AI
A93: generative AI | B93: 320 | D93: reinforcement learning | E93: 83116.736 | G93: 2016 | H93: 42 | I93: 311 | K93: 2010 | L93: 56678.882 | M93: 47536.159 | O93: 2010 | P93: 0.39470588 | Q93: 0.091437309
A94: machine learning | B94: 550 | D94: MLOps | E94: 83560.656 | G94: 2017 | H94: 53 | I94: 305 | K94: 2011 | L94: 68032.379 | M94: 47875.793 | O94: 2011 | P94: -0.43448276 | Q94: -0.016938776
A95: computer vision | B95: 553 | D95: machine learning | E95: 83567.971 | G95: 2018 | H95: 105 | I95: 282 | K95: 2012 | L95: 63027.458 | M95: 47403.284 | O95: 2012 | P95: 0.02125 | Q95: 0.25025806
A96: MLOps | B96: 569 | D96: deep learning | E96: 84167.984 | G96: 2019 | H96: 116 | I96: 331 | K96: 2013 | L96: 62750.548 | M96: 50797.126 | O96: 2013 | P96: -0.36225806 | Q96: -0.14187117
A97: deep learning | B97: 572 | D97: computer vision | E97: 84782.752 | G97: 2020 | H97: 114 | I97: 304 | K97: 2014 | L97: 69306.407 | M97: 54188.725 | O97: 2014 | P97: -0.16033898 | Q97: -0.12256329
A98: reinforcement learning | B98: 575 | D98: generative AI | E98: 86232.363 | G98: 2021 | H98: 128 | I98: 309 | K98: 2015 | L98: 71642 | M98: 55694.006 | O98: 2015 | P98: -0.13962264 | Q98: 0.26628205
A99: NLP | B99: 598 | D99: LLMs | E99: 88888.423 | G99: Modern AI | K99: Modern AI | O99: Early AI
A100: Core | D100: Core | G100: 2022 | H100: 193 | I100: 312 | K100: 2022 | L100: 86270.482 | M100: 76838.09 | O100: 2016 | P100: -1.0890476 | Q100: -0.25983923
A101: Statistics | B101: 2215 | D101: Project Management | E101: 62308.691 | G101: 2023 | H101: 203 | I101: 319 | K101: 2023 | L101: 87452.296 | M101: 77788.944 | O101: 2017 | P101: -0.036603774 | Q101: 0.31747541
A102: Communication | B102: 2218 | D102: Communication | E102: 62456.858 | G102: 2024 | H102: 214 | I102: 315 | K102: 2024 | L102: 91466.762 | M102: 82714.39 | O102: 2018 | P102: 12.031524 | Q102: 4.4443972
A103: Project Management | B103: 2227 | D103: Business Analysis | E103: 62753.021 | G103: 2025 | H103: 225 | I103: 327 | K103: 2025 | L103: 92311.533 | M103: 83770.202 | O103: 2019 | P103: 11.102586 | Q103: 3.8243807
A104: Data Analysis | B104: 2227 | D104: Research | E104: 62824.02 | G104: Pre-AI | K104: Early AI | O104: 2020 | P104: 12.295877 | Q104: 4.6703618
A105: Research | B105: 2236 | D105: Software Engineering | E105: 63195.476 | G105: 2010 | H105: 34 | I105: 327 | K105: 2016 | L105: 78483.286 | M105: 56010.357 | O105: 2021 | P105: 10.953359 | Q105: 4.5486408
A106: Cloud Computing | B106: 2249 | D106: SQL | E106: 63258.942 | G106: 2011 | H106: 29 | I106: 294 | K106: 2017 | L106: 70710.208 | M106: 57176.446 | O106: Modern AI
A107: Software Engineering | B107: 2272 | D107: Statistics | E107: 63359.533 | G107: 2012 | H107: 24 | I107: 310 | K107: 2018 | L107: 80542.648 | M107: 65347.596 | O107: 2022 | P107: 11.738497 | Q107: 7.0840064
A108: Python | B108: 2275 | D108: Data Analysis | E108: 63373.945 | G108: 2013 | H108: 31 | I108: 326 | K108: 2019 | L108: 83394.586 | M108: 65798.115 | O108: 2023 | P108: 11.667734 | Q108: 7.2242947
A109: SQL | B109: 2291 | D109: Cloud Computing | E109: 63442.893 | G109: 2014 | H109: 59 | I109: 316 | K109: 2020 | L109: 87438.693 | M109: 69295.197 | O109: 2024 | P109: 11.537664 | Q109: 7.9613333
A110: Business Analysis | B110: 2336 | D110: Python | E110: 64020.366 | G110: 2015 | H110: 53 | I110: 312 | K110: 2021 | L110: 85537.953 | M110: 70352.906 | O110: 2025 | P110: 11.4264 | Q110: 7.92737
A111: Grand Total | B111: 5000

Sheet Charts
Q69: Average of ai_intensity_score | R69: Column Labels
Q70: Row Labels | R70: AI Researcher | S70: Business Analyst | T70: Data Scientist | U70: ML Engineer | V70: Operations Manager | W70: Policy Analyst | X70: Product Manager | Y70: Research Scientist | Z70: Software Engineer | AA70: Systems Engineer
Q71: Agriculture | R71: 0.24539683 | S71: 0.24277778 | T71: 0.26622642 | U71: 0.27138462 | V71: 0.33163636 | W71: 0.23777778 | X71: 0.25092593 | Y71: 0.25537037 | Z71: 0.20546875 | AA71: 0.28854839
Q72: Education | R72: 0.28191489 | S72: 0.2982 | T72: 0.24716667 | U72: 0.3030303 | V72: 0.22 | W72: 0.25375 | X72: 0.27470588 | Y72: 0.19941176 | Z72: 0.32698113 | AA72: 0.2558
Q73: Energy | R73: 0.35923077 | S73: 0.24684211 | T73: 0.23270833 | U73: 0.25903846 | V73: 0.34824561 | W73: 0.2286 | X73: 0.15575 | Y73: 0.28673077 | Z73: 0.27036364 | AA73: 0.32220339
Q74: Finance | R74: 0.42744681 | S74: 0.40978261 | T74: 0.32796296 | U74: 0.41904762 | V74: 0.38936508 | W74: 0.37596774 | X74: 0.33327273 | Y74: 0.36166667 | Z74: 0.26177778 | AA74: 0.33733333
Q75: Government | R75: 0.23264151 | S75: 0.24404255 | T75: 0.23615385 | U75: 0.29066667 | V75: 0.30432836 | W75: 0.27096154 | X75: 0.31973684 | Y75: 0.25873016 | Z75: 0.31609756 | AA75: 0.2005
Q76: Healthcare | R76: 0.30181818 | S76: 0.18117647 | T76: 0.24129032 | U76: 0.19196721 | V76: 0.27927273 | W76: 0.27714286 | X76: 0.3276087 | Y76: 0.23035088 | Z76: 0.23741379 | AA76: 0.30508475
Q77: Manufacturing | R77: 0.20016949 | S77: 0.26545455 | T77: 0.21849057 | U77: 0.23492063 | V77: 0.25153846 | W77: 0.26326531 | X77: 0.30545455 | Y77: 0.30153846 | Z77: 0.29274194 | AA77: 0.2477551
Q78: Retail | R78: 0.245 | S78: 0.27396825 | T78: 0.29976744 | U78: 0.31828125 | V78: 0.23807692 | W78: 0.26416667 | X78: 0.24302326 | Y78: 0.28875 | Z78: 0.37520833 | AA78: 0.25903846
Q79: Tech | R79: 0.34287879 | S79: 0.32913043 | T79: 0.40354167 | U79: 0.40390625 | V79: 0.3775 | W79: 0.31980769 | X79: 0.40172414 | Y79: 0.36538462 | Z79: 0.33939394 | AA79: 0.29259259

Sheet KPI's 
A1: Average of salary_usd | F1: Row Labels | G1: Distinct Count of job_id
A2: 63096.185 | B2: Average Salary | F2: Medium Risk | G2: 0.2224
F3: High Risk | G3: 0.4584
A4: Average of ai_job_displacement_risk_score | F4: Low Risk | G4: 0.3192 | H4: High AI Exposure Risk
A5: 0.586176 | B5: AI Displacement Risk Score
F7: Row Labels | G7: Distinct Count of job_id
F8: Low | G8: 0.6754
F9: Medium | G9: 0.149
F10: High | G10: 0.1756 | H10: High AI Dependency
F13: Row Labels | G13: Count of job_id
F14: 0 | G14: 0.6754
A15: Row Labels | B15: Average of salary_usd | F15: 1 | G15: 0.3246 | H15: AI Adoption rate
A16: 0
A17: 1 | B17: 0.57832637 | C17: AI Skills Salary Premium
A20: Row Labels | B20: Average of salary_usd
A21: 2010
A22: 2011 | B22: 0.00714474
A23: 2012 | B23: -0.0027952437 | F23: Row Labels | G23: Average of salary_usd | H23: Salary Growth | J23: Row Labels
A24: 2013 | B24: 0.06859971 | F24: 2010 | G24: 47536.159 | H24: 0 | J24: 2010 | K24: =_xlfn.XLOOKUP(J24, F24:F39, H24:H39) -> 0
A25: 2014 | B25: 0.13994748 | F25: 2011 | G25: 47875.793 | H25: =(G25/G24)-1 -> 0.00714474 | J25: 2011 | K25: =_xlfn.XLOOKUP(J25,F24:F39, H24:H39) -> 0.00714474
A26: 2015 | B26: 0.17161352 | F26: 2012 | G26: 47403.284 | H26: =(G26/G25)-1 -> -0.0098694689 | J26: 2012 | K26: =_xlfn.XLOOKUP(J26, F26:F41, H26:H41) -> -0.0098694689
A27: 2016 | B27: 0.17826846 | F27: 2013 | G27: 50797.126 | H27: =(G27/G26)-1 -> 0.07159508 | J27: 2013 | K27: =_xlfn.XLOOKUP(J27,F26:F41, H26:H41) -> 0.07159508
A28: 2017 | B28: 0.20279903 | F28: 2014 | G28: 54188.725 | H28: =(G28/G27)-1 -> 0.066767536 | J28: 2014 | K28: =_xlfn.XLOOKUP(J28, F28:F43, H28:H43) -> 0.066767536
A29: 2018 | B29: 0.37469238 | F29: 2015 | G29: 55694.006 | H29: =(G29/G28)-1 -> 0.027778504 | J29: 2015 | K29: =_xlfn.XLOOKUP(J29,F28:F43, H28:H43) -> 0.027778504
A30: 2019 | B30: 0.38416978 | F30: 2016 | G30: 56010.357 | H30: =(G30/G29)-1 -> 0.0056801535 | J30: 2016 | K30: =_xlfn.XLOOKUP(J30, F30:F45, H30:H45) -> 0.0056801535
A31: 2020 | B31: 0.45773657 | F31: 2017 | G31: 57176.446 | H31: =(G31/G30)-1 -> 0.020819167 | J31: 2017 | K31: =_xlfn.XLOOKUP(J31,F30:F45, H30:H45) -> 0.020819167
A32: 2021 | B32: 0.47998718 | F32: 2018 | G32: 65347.596 | H32: =(G32/G31)-1 -> 0.14291112 | J32: 2018 | K32: =_xlfn.XLOOKUP(J32, F32:F47, H32:H47) -> 0.14291112
A33: 2022 | B33: 0.61641351 | F33: 2019 | G33: 65798.115 | H33: =(G33/G32)-1 -> 0.0068941949 | J33: 2019 | K33: =_xlfn.XLOOKUP(J33,F32:F47, H32:H47) -> 0.0068941949
A34: 2023 | B34: 0.63641626 | F34: 2020 | G34: 69295.197 | H34: =(G34/G33)-1 -> 0.053148674 | J34: 2020 | K34: =_xlfn.XLOOKUP(J34, F34:F49, H34:H49) -> 0.053148674
A35: 2024 | B35: 0.740031 | F35: 2021 | G35: 70352.906 | H35: =(G35/G34)-1 -> 0.015263811 | J35: 2021 | K35: =_xlfn.XLOOKUP(J35,F34:F49, H34:H49) -> 0.015263811
A36: 2025 | B36: 0.7622417 | C36: Salary Growth (2010–2025) | F36: 2022 | G36: 76838.09 | H36: =(G36/G35)-1 -> 0.092180749 | J36: 2022 | K36: =_xlfn.XLOOKUP(J36, F36:F51, H36:H51) -> 0.092180749
F37: 2023 | G37: 77788.944 | H37: =(G37/G36)-1 -> 0.012374772 | J37: 2023 | K37: =_xlfn.XLOOKUP(J37,F36:F51, H36:H51) -> 0.012374772
F38: 2024 | G38: 82714.39 | H38: =(G38/G37)-1 -> 0.063318085 | J38: 2024 | K38: =_xlfn.XLOOKUP(J38, F38:F53, H38:H53) -> 0.063318085
F39: 2025 | G39: 83770.202 | H39: =(G39/G38)-1 -> 0.012764543 | J39: 2025 | K39: =_xlfn.XLOOKUP(J39,F38:F53, H38:H53) -> 0.012764543

Sheet Statistics
A1: DESCRIPTIVE STATISTICS — Key Numeric Metrics
A3: Salary (USD)
A4: Column: salary_usd | Annual salary in US dollars for each job posting.
A5: Statistic | B5: Value | C5: Benefit of This Metric
A6: Count | B6: =COUNT('Raw Data '!O:O) -> 5000 | C6: Confirms dataset completeness; identifies if any records are missing.
A7: Sum | B7: =SUM('Raw Data '!O:O) -> 315480924 | C7: Total aggregate value; useful for budget/payroll sizing.
A8: Average (Mean) | B8: =AVERAGE('Raw Data '!O:O) -> 63096.185 | C8: Central tendency benchmark for comparisons across groups.
A9: Median (P50) | B9: =MEDIAN('Raw Data '!O:O) -> 60909.5 | C9: Robust central value unaffected by extreme salaries/outliers. | G9: • Average salary: $63,096 | Median salary: $60,910 — a modest right skew driven by senior/tech roles.
A10: Min | B10: =MIN('Raw Data '!O:O) -> 15321 | C10: Identifies the floor value; helps detect potential data errors.
A11: Max | B11: =MAX('Raw Data '!O:O) -> 161547 | C11: Identifies the ceiling; flags outliers and exceptional cases.
A12: Std Dev | B12: =_xlfn.STDEV.S('Raw Data '!O:O) -> 31431.272 | C12: Dispersion measure — high std dev signals wide salary inequality.
A13: 25th Percentile | B13: 36575.5 | C13: Lower quartile boundary for low-range roles.
A14: 75th Percentile | B14: 81811.75 | C14: Upper quartile boundary for high-range roles.
A15: IQR (75th - 25th) | B15: 45236.25 | C15: Middle 50% spread — narrower = more uniform distribution.
A18: AI Intensity Score
A19: Column: ai_intensity_score | 0–1 score reflecting how AI-centric the job role is.
A20: Statistic | B20: Value | C20: Benefit of This Metric
A21: Count | B21: 5000 | C21: Confirms dataset completeness; identifies if any records are missing.
A22: Sum | B22: 1436.56 | C22: Total aggregate value; useful for budget/payroll sizing.
A23: Average (Mean) | B23: 0.29 | C23: Central tendency benchmark for comparisons across groups.
A24: Median (P50) | B24: 0.15 | C24: Robust central value unaffected by extreme salaries/outliers.
A25: Min | B25: 0 | C25: Identifies the floor value; helps detect potential data errors.
A26: Max | B26: 0.95 | C26: Identifies the ceiling; flags outliers and exceptional cases.
A27: Std Dev | B27: 0.29 | C27: Dispersion measure — high std dev signals wide salary inequality.
A28: 25th Percentile | B28: 0.07 | C28: Lower quartile boundary for low-range roles.
A29: 75th Percentile | B29: 0.52 | C29: Upper quartile boundary for high-range roles.
A30: IQR (75th - 25th) | B30: 0.45 | C30: Middle 50% spread — narrower = more uniform distribution.
A33: AI Job Displacement Risk Score
A34: Column: aI_job_displacement_risk_score | 0–1 probability that the role is automatable.
A35: Statistic | B35: Value | C35: Benefit of This Metric
A36: Count | B36: 5000 | C36: Confirms dataset completeness; identifies if any records are missing.
A37: Sum | B37: 2930.88 | C37: Total aggregate value; useful for budget/payroll sizing.
A38: Average (Mean) | B38: 0.59 | C38: Central tendency benchmark for comparisons across groups.
A39: Median (P50) | B39: 0.67 | C39: Robust central value unaffected by extreme salaries/outliers.
A40: Min | B40: 0.1 | C40: Identifies the floor value; helps detect potential data errors.
A41: Max | B41: 0.9 | C41: Identifies the ceiling; flags outliers and exceptional cases.
A42: Std Dev | B42: 0.25 | C42: Dispersion measure — high std dev signals wide salary inequality.
A43: 25th Percentile | B43: 0.33 | C43: Lower quartile boundary for low-range roles.
A44: 75th Percentile | B44: 0.79 | C44: Upper quartile boundary for high-range roles.
A45: IQR (75th - 25th) | B45: 0.46 | C45: Middle 50% spread — narrower = more uniform distribution.
A48: CORRELATION ANALYSIS
A50: r (salary ↔ AI intensity) | B50: r (salary ↔ risk) | C50: r (AI intensity ↔ risk) | D50: AI salary premium (t-test)
A51: r = +0.42 | B51: r = −0.43 | C51: r = −0.88 | D51: +57.8% ($30,723)
A52: Moderate positive — AI-intensive roles earn more | B52: Moderate negative — riskier roles earn LESS | C52: STRONG negative — AI intensity ≈ shield vs automation | D52: AI-mentioned jobs pay $83,846 vs $53,124 (p<0.001)

Sheet Dashboard 
D1: AI & Job Automation(2010-2025)

Sheet Dashboard (2)
D1: AI & Job Automation(2010-2025)

Sheet Dashboard (3)
D1: AI & Job Automation(2010-2025)
